order_id,order_date,customer_id,product_id,product_name,category,quantity,unit_price,discount_pct,revenue
100001,2026-05-31,C0189,P004,Laptop Stand,Accessories,3,1899,0.05,5412.15
100002,2026-05-29,C0203,P007,Power Bank,Electronics,1,1799,0.0,1799.0
100003,2026-05-29,C0053,P004,Laptop Stand,Accessories,1,1899,0.05,1804.05
100004,2026-05-26,C0192,P008,Desk Lamp,Home Office,2,1299,0.0,2598.0
100005,2026-05-28,C0236,P005,Webcam,Electronics,1,3299,0.05,3134.05
100006,2026-05-25,C0220,P001,Wireless Mouse,Accessories,1,799,0.0,799.0
100007,2026-05-28,C0190,P008,Desk Lamp,Home Office,1,1299,0.0,1299.0
100008,2026-05-27,C0131,P004,Laptop Stand,Accessories,1,1899,0.05,1804.05
100009,2026-05-29,C0018,P003,USB-C Hub,Accessories,1,1499,0.0,1499.0
100010,2026-05-28,C0009,P001,Wireless Mouse,Accessories,3,799,0.1,2157.3
100011,2026-05-26,C0188,P005,Webcam,Electronics,1,3299,0.0,3299.0
100012,2026-05-31,C0206,P004,Laptop Stand,Accessories,1,1899,0.0,1899.0
100013,2026-05-25,C0134,P004,Laptop Stand,Accessories,1,1899,0.05,1804.05
100014,2026-05-30,C0146,P002,Mechanical Keyboard,Accessories,1,2499,0.0,2499.0
100015,2026-05-26,C0014,P004,Laptop Stand,Accessories,2,1899,0.1,3418.2
100016,2026-05-31,C0249,P008,Desk Lamp,Home Office,1,1299,0.05,1234.05
100017,2026-05-30,C0111,P008,Desk Lamp,Home Office,2,1299,0.05,2468.1
100018,2026-05-29,C0124,P008,Desk Lamp,Home Office,1,1299,0.0,1299.0
100019,2026-05-29,C0089,P001,Wireless Mouse,Accessories,1,799,0.0,799.0
100020,2026-05-31,C0216,P001,Wireless Mouse,Accessories,2,799,0.0,1598.0
100021,2026-05-31,C0163,P003,USB-C Hub,Accessories,1,1499,0.05,1424.05
100022,2026-05-25,C0041,P003,USB-C Hub,Accessories,1,1499,0.0,1499.0
100023,2026-05-28,C0033,P007,Power Bank,Electronics,2,1799,0.0,3598.0
100024,2026-05-31,C0172,P007,Power Bank,Electronics,1,1799,0.05,1709.05
100025,2026-05-30,C0175,P003,USB-C Hub,Accessories,1,1499,0.0,1499.0
100026,2026-05-30,C0142,P003,USB-C Hub,Accessories,2,1499,0.05,2848.1
100027,2026-05-31,C0042,P003,USB-C Hub,Accessories,1,1499,0.0,1499.0
100028,2026-05-28,C0241,P005,Webcam,Electronics,1,3299,0.1,2969.1
100029,2026-05-28,C0151,P005,Webcam,Electronics,1,3299,0.1,2969.1
100030,2026-05-31,C0013,P005,Webcam,Electronics,1,3299,0.0,3299.0
100031,2026-05-31,C0170,P003,USB-C Hub,Accessories,1,1499,0.1,1349.1
100032,2026-05-29,C0028,P006,Bluetooth Speaker,Electronics,1,2199,0.1,1979.1
100033,2026-05-28,C0128,P004,Laptop Stand,Accessories,1,1899,0.1,1709.1
100034,2026-05-26,C0225,P007,Power Bank,Electronics,2,1799,0.0,3598.0
100035,2026-05-25,C0205,P001,Wireless Mouse,Accessories,1,799,0.0,799.0
100036,2026-05-25,C0137,P003,USB-C Hub,Accessories,1,1499,0.0,1499.0
100037,2026-05-30,C0152,P005,Webcam,Electronics,1,3299,0.0,3299.0
100038,2026-05-31,C0233,P003,USB-C Hub,Accessories,1,1499,0.0,1499.0
100039,2026-05-28,C0012,P001,Wireless Mouse,Accessories,1,799,0.0,799.0
100040,2026-05-30,C0113,P007,Power Bank,Electronics,1,1799,0.0,1799.0
100041,2026-05-25,C0054,P003,USB-C Hub,Accessories,1,1499,0.0,1499.0
100042,2026-05-31,C0126,P005,Webcam,Electronics,1,3299,0.05,3134.05
100043,2026-05-26,C0160,P005,Webcam,Electronics,1,3299,0.15,2804.15
100044,2026-05-31,C0145,P004,Laptop Stand,Accessories,1,1899,0.0,1899.0
100045,2026-05-31,C0198,P006,Bluetooth Speaker,Electronics,1,2199,0.05,2089.05
100046,2026-05-30,C0201,P003,USB-C Hub,Accessories,2,1499,0.05,2848.1
100047,2026-05-28,C0148,P003,USB-C Hub,Accessories,1,1499,0.0,1499.0
100048,2026-05-28,C0147,P003,USB-C Hub,Accessories,1,1499,0.05,1424.05
100049,2026-05-28,C0168,P008,Desk Lamp,Home Office,1,1299,0.1,1169.1
100050,2026-05-31,C0185,P002,Mechanical Keyboard,Accessories,2,2499,0.05,4748.1
100051,2026-05-25,C0099,P002,Mechanical Keyboard,Accessories,2,2499,0.1,4498.2
100052,2026-05-31,C0244,P004,Laptop Stand,Accessories,1,1899,0.15,1614.15
100053,2026-05-28,C0140,P001,Wireless Mouse,Accessories,1,799,0.0,799.0
100054,2026-05-29,C0233,P005,Webcam,Electronics,2,3299,0.0,6598.0
100055,2026-05-27,C0152,P003,USB-C Hub,Accessories,1,1499,0.1,1349.1
100056,2026-05-30,C0113,P008,Desk Lamp,Home Office,2,1299,0.1,2338.2
100057,2026-05-28,C0112,P006,Bluetooth Speaker,Electronics,1,2199,0.05,2089.05
100058,2026-05-30,C0128,P001,Wireless Mouse,Accessories,1,799,0.0,799.0
100059,2026-05-30,C0189,P002,Mechanical Keyboard,Accessories,1,2499,0.0,2499.0
100060,2026-05-25,C0021,P004,Laptop Stand,Accessories,1,1899,0.0,1899.0
100061,2026-05-28,C0145,P008,Desk Lamp,Home Office,1,1299,0.1,1169.1
100062,2026-05-25,C0119,P008,Desk Lamp,Home Office,1,1299,0.0,1299.0
100063,2026-05-30,C0051,P006,Bluetooth Speaker,Electronics,1,2199,0.15,1869.15
100064,2026-05-30,C0030,P008,Desk Lamp,Home Office,1,1299,0.05,1234.05
100065,2026-05-25,C0061,P004,Laptop Stand,Accessories,1,1899,0.1,1709.1
100066,2026-05-27,C0017,P004,Laptop Stand,Accessories,1,1899,0.05,1804.05
100067,2026-05-28,C0006,P004,Laptop Stand,Accessories,1,1899,0.0,1899.0
100068,2026-05-27,C0241,P004,Laptop Stand,Accessories,1,1899,0.1,1709.1
100069,2026-05-30,C0116,P005,Webcam,Electronics,1,3299,0.15,2804.15
100070,2026-05-31,C0067,P005,Webcam,Electronics,1,3299,0.1,2969.1
100071,2026-05-26,C0067,P001,Wireless Mouse,Accessories,1,799,0.1,719.1
100072,2026-05-30,C0151,P008,Desk Lamp,Home Office,1,1299,0.05,1234.05
100073,2026-05-26,C0017,P007,Power Bank,Electronics,1,1799,0.1,1619.1
100074,2026-05-25,C0221,P001,Wireless Mouse,Accessories,1,799,0.0,799.0
100075,2026-05-26,C0152,P007,Power Bank,Electronics,1,1799,0.0,1799.0
100076,2026-05-29,C0173,P004,Laptop Stand,Accessories,1,1899,0.0,1899.0
100077,2026-05-28,C0142,P001,Wireless Mouse,Accessories,1,799,0.0,799.0
100078,2026-05-28,C0066,P003,USB-C Hub,Accessories,1,1499,0.0,1499.0
100079,2026-05-31,C0063,P007,Power Bank,Electronics,1,1799,0.0,1799.0
100080,2026-05-30,C0049,P005,Webcam,Electronics,2,3299,0.1,5938.2
100081,2026-05-28,C0188,P002,Mechanical Keyboard,Accessories,2,2499,0.0,4998.0
100082,2026-05-29,C0108,P001,Wireless Mouse,Accessories,2,799,0.0,1598.0
100083,2026-05-29,C0116,P007,Power Bank,Electronics,1,1799,0.0,1799.0
100084,2026-05-30,C0144,P007,Power Bank,Electronics,1,1799,0.0,1799.0
100085,2026-05-29,C0145,P002,Mechanical Keyboard,Accessories,1,2499,0.0,2499.0
100086,2026-05-31,C0229,P003,USB-C Hub,Accessories,1,1499,0.0,1499.0
100087,2026-05-26,C0140,P005,Webcam,Electronics,1,3299,0.0,3299.0
100088,2026-05-29,C0034,P001,Wireless Mouse,Accessories,1,799,0.0,799.0
100089,2026-05-30,C0117,P006,Bluetooth Speaker,Electronics,1,2199,0.05,2089.05
100090,2026-05-25,C0069,P008,Desk Lamp,Home Office,1,1299,0.05,1234.05
100091,2026-05-30,C0144,P005,Webcam,Electronics,1,3299,0.0,3299.0
100092,2026-05-27,C0220,P005,Webcam,Electronics,1,3299,0.0,3299.0
100093,2026-05-29,C0244,P007,Power Bank,Electronics,1,1799,0.1,1619.1
100094,2026-05-29,C0085,P004,Laptop Stand,Accessories,1,1899,0.05,1804.05
100095,2026-05-31,C0023,P004,Laptop Stand,Accessories,1,1899,0.0,1899.0
100096,2026-05-26,C0180,P002,Mechanical Keyboard,Accessories,2,2499,0.1,4498.2
100097,2026-05-31,C0001,P002,Mechanical Keyboard,Accessories,1,2499,0.0,2499.0
100098,2026-05-29,C0247,P005,Webcam,Electronics,1,3299,0.0,3299.0
100099,2026-05-26,C0084,P001,Wireless Mouse,Accessories,2,799,0.05,1518.1
100100,2026-05-28,C0189,P002,Mechanical Keyboard,Accessories,1,2499,0.0,2499.0
100101,2026-06-03,C0161,P003,USB-C Hub,Accessories,2,1499,0.0,2998.0
100102,2026-06-02,C0095,P003,USB-C Hub,Accessories,1,1499,0.0,1499.0
100103,2026-06-06,C0215,P002,Mechanical Keyboard,Accessories,1,2499,0.05,2374.05
100104,2026-06-01,C0090,P002,Mechanical Keyboard,Accessories,1,2499,0.1,2249.1
100105,2026-06-06,C0058,P002,Mechanical Keyboard,Accessories,1,2499,0.0,2499.0
100106,2026-06-05,C0164,P002,Mechanical Keyboard,Accessories,1,2499,0.1,2249.1
100107,2026-06-01,C0101,P005,Webcam,Electronics,3,3299,0.0,9897.0
100108,2026-06-01,C0240,P008,Desk Lamp,Home Office,2,1299,0.15,2208.3
100109,2026-06-04,C0151,P002,Mechanical Keyboard,Accessories,1,2499,0.05,2374.05
100110,2026-06-06,C0013,P008,Desk Lamp,Home Office,2,1299,0.0,2598.0
100111,2026-06-07,C0113,P001,Wireless Mouse,Accessories,1,799,0.0,799.0
100112,2026-06-06,C0187,P004,Laptop Stand,Accessories,2,1899,0.0,3798.0
100113,2026-06-03,C0147,P001,Wireless Mouse,Accessories,1,799,0.15,679.15
100114,2026-06-04,C0128,P001,Wireless Mouse,Accessories,1,799,0.15,679.15
100115,2026-06-04,C0069,P003,USB-C Hub,Accessories,1,1499,0.0,1499.0
100116,2026-06-03,C0228,P004,Laptop Stand,Accessories,1,1899,0.05,1804.05
100117,2026-06-05,C0181,P007,Power Bank,Electronics,2,1799,0.0,3598.0
100118,2026-06-02,C0133,P002,Mechanical Keyboard,Accessories,1,2499,0.0,2499.0
100119,2026-06-03,C0239,P007,Power Bank,Electronics,1,1799,0.05,1709.05
100120,2026-06-04,C0230,P001,Wireless Mouse,Accessories,2,799,0.05,1518.1
100121,2026-06-07,C0178,P006,Bluetooth Speaker,Electronics,1,2199,0.0,2199.0
100122,2026-06-03,C0166,P002,Mechanical Keyboard,Accessories,1,2499,0.0,2499.0
100123,2026-06-03,C0244,P008,Desk Lamp,Home Office,1,1299,0.0,1299.0
100124,2026-06-01,C0036,P007,Power Bank,Electronics,2,1799,0.05,3418.1
100125,2026-06-06,C0182,P004,Laptop Stand,Accessories,1,1899,0.05,1804.05
100126,2026-06-07,C0126,P003,USB-C Hub,Accessories,1,1499,0.0,1499.0
100127,2026-06-03,C0058,P005,Webcam,Electronics,1,3299,0.0,3299.0
100128,2026-06-04,C0167,P004,Laptop Stand,Accessories,2,1899,0.1,3418.2
100129,2026-06-01,C0191,P003,USB-C Hub,Accessories,1,1499,0.15,1274.15
100130,2026-06-04,C0117,P001,Wireless Mouse,Accessories,1,799,0.0,799.0
100131,2026-06-06,C0061,P002,Mechanical Keyboard,Accessories,1,2499,0.15,2124.15
100132,2026-06-07,C0229,P005,Webcam,Electronics,1,3299,0.1,2969.1
100133,2026-06-04,C0047,P003,USB-C Hub,Accessories,1,1499,0.0,1499.0
100134,2026-06-01,C0117,P001,Wireless Mouse,Accessories,1,799,0.0,799.0
100135,2026-06-06,C0203,P006,Bluetooth Speaker,Electronics,1,2199,0.05,2089.05
100136,2026-06-04,C0204,P002,Mechanical Keyboard,Accessories,3,2499,0.1,6747.3
100137,2026-06-04,C0090,P005,Webcam,Electronics,1,3299,0.0,3299.0
100138,2026-06-02,C0041,P004,Laptop Stand,Accessories,1,1899,0.0,1899.0
100139,2026-06-04,C0201,P008,Desk Lamp,Home Office,1,1299,0.0,1299.0
100140,2026-06-01,C0157,P005,Webcam,Electronics,2,3299,0.05,6268.1
100141,2026-06-05,C0115,P006,Bluetooth Speaker,Electronics,1,2199,0.1,1979.1
100142,2026-06-05,C0030,P007,Power Bank,Electronics,2,1799,0.0,3598.0
100143,2026-06-02,C0033,P003,USB-C Hub,Accessories,1,1499,0.0,1499.0
100144,2026-06-06,C0011,P001,Wireless Mouse,Accessories,1,799,0.15,679.15
100145,2026-06-05,C0027,P002,Mechanical Keyboard,Accessories,1,2499,0.15,2124.15
100146,2026-06-01,C0129,P005,Webcam,Electronics,1,3299,0.0,3299.0
100147,2026-06-05,C0197,P008,Desk Lamp,Home Office,1,1299,0.05,1234.05
100148,2026-06-07,C0229,P005,Webcam,Electronics,3,3299,0.05,9402.15
100149,2026-06-05,C0085,P005,Webcam,Electronics,2,3299,0.0,6598.0
100150,2026-06-06,C0205,P001,Wireless Mouse,Accessories,1,799,0.15,679.15
100151,2026-06-04,C0034,P006,Bluetooth Speaker,Electronics,2,2199,0.05,4178.1
100152,2026-06-04,C0162,P007,Power Bank,Electronics,1,1799,0.05,1709.05
100153,2026-06-06,C0193,P006,Bluetooth Speaker,Electronics,2,2199,0.0,4398.0
100154,2026-06-06,C0057,P004,Laptop Stand,Accessories,1,1899,0.1,1709.1
100155,2026-06-01,C0229,P008,Desk Lamp,Home Office,1,1299,0.0,1299.0
100156,2026-06-05,C0166,P006,Bluetooth Speaker,Electronics,1,2199,0.0,2199.0
100157,2026-06-04,C0030,P002,Mechanical Keyboard,Accessories,1,2499,0.05,2374.05
100158,2026-06-07,C0249,P003,USB-C Hub,Accessories,1,1499,0.05,1424.05
100159,2026-06-06,C0247,P001,Wireless Mouse,Accessories,2,799,0.0,1598.0
100160,2026-06-02,C0138,P003,USB-C Hub,Accessories,1,1499,0.05,1424.05
100161,2026-06-01,C0069,P002,Mechanical Keyboard,Accessories,2,2499,0.0,4998.0
100162,2026-06-02,C0235,P006,Bluetooth Speaker,Electronics,1,2199,0.0,2199.0
100163,2026-06-03,C0151,P008,Desk Lamp,Home Office,1,1299,0.0,1299.0
100164,2026-06-07,C0008,P008,Desk Lamp,Home Office,1,1299,0.0,1299.0
100165,2026-06-04,C0096,P008,Desk Lamp,Home Office,1,1299,0.0,1299.0
100166,2026-06-03,C0122,P003,USB-C Hub,Accessories,1,1499,0.0,1499.0
100167,2026-06-03,C0170,P003,USB-C Hub,Accessories,2,1499,0.0,2998.0
100168,2026-06-05,C0233,P006,Bluetooth Speaker,Electronics,1,2199,0.0,2199.0
100169,2026-06-04,C0218,P002,Mechanical Keyboard,Accessories,2,2499,0.0,4998.0
100170,2026-06-05,C0121,P003,USB-C Hub,Accessories,1,1499,0.05,1424.05
100171,2026-06-06,C0048,P007,Power Bank,Electronics,1,1799,0.0,1799.0
100172,2026-06-05,C0113,P001,Wireless Mouse,Accessories,1,799,0.1,719.1
100173,2026-06-03,C0056,P005,Webcam,Electronics,3,3299,0.0,9897.0
100174,2026-06-06,C0216,P006,Bluetooth Speaker,Electronics,1,2199,0.0,2199.0
100175,2026-06-02,C0115,P005,Webcam,Electronics,1,3299,0.0,3299.0
100176,2026-06-07,C0239,P003,USB-C Hub,Accessories,2,1499,0.0,2998.0
100177,2026-06-04,C0115,P005,Webcam,Electronics,2,3299,0.0,6598.0
100178,2026-06-07,C0202,P008,Desk Lamp,Home Office,1,1299,0.0,1299.0
100179,2026-06-07,C0126,P001,Wireless Mouse,Accessories,2,799,0.0,1598.0
100180,2026-06-04,C0068,P001,Wireless Mouse,Accessories,2,799,0.05,1518.1
100181,2026-06-02,C0228,P003,USB-C Hub,Accessories,1,1499,0.0,1499.0
100182,2026-06-07,C0113,P006,Bluetooth Speaker,Electronics,1,2199,0.05,2089.05
100183,2026-06-04,C0180,P003,USB-C Hub,Accessories,1,1499,0.0,1499.0
100184,2026-06-02,C0109,P008,Desk Lamp,Home Office,1,1299,0.0,1299.0
100185,2026-06-06,C0021,P005,Webcam,Electronics,2,3299,0.0,6598.0
100186,2026-06-06,C0075,P006,Bluetooth Speaker,Electronics,1,2199,0.0,2199.0
100187,2026-06-06,C0137,P006,Bluetooth Speaker,Electronics,2,2199,0.0,4398.0
100188,2026-06-07,C0036,P003,USB-C Hub,Accessories,1,1499,0.0,1499.0
100189,2026-06-07,C0004,P006,Bluetooth Speaker,Electronics,1,2199,0.15,1869.15
100190,2026-06-07,C0230,P006,Bluetooth Speaker,Electronics,3,2199,0.0,6597.0
100191,2026-06-03,C0136,P006,Bluetooth Speaker,Electronics,2,2199,0.05,4178.1
100192,2026-06-02,C0154,P003,USB-C Hub,Accessories,2,1499,0.0,2998.0
100193,2026-06-06,C0113,P004,Laptop Stand,Accessories,1,1899,0.0,1899.0
100194,2026-06-04,C0038,P007,Power Bank,Electronics,1,1799,0.05,1709.05
100195,2026-06-05,C0235,P006,Bluetooth Speaker,Electronics,1,2199,0.0,2199.0
100196,2026-06-03,C0005,P001,Wireless Mouse,Accessories,1,799,0.0,799.0
100197,2026-06-07,C0130,P002,Mechanical Keyboard,Accessories,3,2499,0.0,7497.0
100198,2026-06-04,C0009,P001,Wireless Mouse,Accessories,1,799,0.0,799.0
100199,2026-06-03,C0094,P007,Power Bank,Electronics,1,1799,0.0,1799.0
100200,2026-06-07,C0178,P001,Wireless Mouse,Accessories,2,799,0.05,1518.1
100201,2026-06-13,C0076,P005,Webcam,Electronics,1,3299,0.1,2969.1
100202,2026-06-10,C0060,P003,USB-C Hub,Accessories,2,1499,0.05,2848.1
100203,2026-06-12,C0060,P008,Desk Lamp,Home Office,2,1299,0.05,2468.1
100204,2026-06-13,C0123,P003,USB-C Hub,Accessories,1,1499,0.1,1349.1
100205,2026-06-13,C0042,P002,Mechanical Keyboard,Accessories,2,2499,0.0,4998.0
100206,2026-06-08,C0014,P002,Mechanical Keyboard,Accessories,2,2499,0.0,4998.0
100207,2026-06-10,C0143,P005,Webcam,Electronics,1,3299,0.05,3134.05
100208,2026-06-08,C0194,P001,Wireless Mouse,Accessories,1,799,0.0,799.0
100209,2026-06-13,C0179,P005,Webcam,Electronics,2,3299,0.05,6268.1
100210,2026-06-13,C0042,P006,Bluetooth Speaker,Electronics,1,2199,0.05,2089.05
100211,2026-06-11,C0222,P007,Power Bank,Electronics,2,1799,0.0,3598.0
100212,2026-06-14,C0097,P003,USB-C Hub,Accessories,2,1499,0.0,2998.0
100213,2026-06-12,C0196,P005,Webcam,Electronics,2,3299,0.0,6598.0
100214,2026-06-13,C0097,P002,Mechanical Keyboard,Accessories,2,2499,0.1,4498.2
100215,2026-06-13,C0109,P006,Bluetooth Speaker,Electronics,1,2199,0.0,2199.0
100216,2026-06-11,C0157,P008,Desk Lamp,Home Office,1,1299,0.0,1299.0
100217,2026-06-14,C0095,P004,Laptop Stand,Accessories,1,1899,0.05,1804.05
100218,2026-06-10,C0027,P003,USB-C Hub,Accessories,1,1499,0.05,1424.05
100219,2026-06-12,C0038,P004,Laptop Stand,Accessories,1,1899,0.1,1709.1
100220,2026-06-13,C0107,P008,Desk Lamp,Home Office,1,1299,0.0,1299.0
100221,2026-06-11,C0217,P002,Mechanical Keyboard,Accessories,1,2499,0.0,2499.0
100222,2026-06-08,C0236,P007,Power Bank,Electronics,1,1799,0.05,1709.05
100223,2026-06-11,C0072,P008,Desk Lamp,Home Office,1,1299,0.1,1169.1
100224,2026-06-14,C0137,P002,Mechanical Keyboard,Accessories,2,2499,0.0,4998.0
100225,2026-06-13,C0214,P003,USB-C Hub,Accessories,1,1499,0.1,1349.1
100226,2026-06-10,C0090,P007,Power Bank,Electronics,1,1799,0.0,1799.0
100227,2026-06-13,C0063,P004,Laptop Stand,Accessories,1,1899,0.1,1709.1
100228,2026-06-13,C0175,P007,Power Bank,Electronics,1,1799,0.05,1709.05
100229,2026-06-08,C0117,P005,Webcam,Electronics,1,3299,0.1,2969.1
100230,2026-06-09,C0090,P001,Wireless Mouse,Accessories,1,799,0.0,799.0
100231,2026-06-10,C0162,P006,Bluetooth Speaker,Electronics,1,2199,0.0,2199.0
100232,2026-06-10,C0179,P001,Wireless Mouse,Accessories,1,799,0.0,799.0
100233,2026-06-13,C0245,P008,Desk Lamp,Home Office,1,1299,0.0,1299.0
100234,2026-06-08,C0154,P001,Wireless Mouse,Accessories,2,799,0.0,1598.0
100235,2026-06-11,C0084,P002,Mechanical Keyboard,Accessories,1,2499,0.0,2499.0
100236,2026-06-08,C0063,P001,Wireless Mouse,Accessories,1,799,0.1,719.1
100237,2026-06-12,C0141,P008,Desk Lamp,Home Office,1,1299,0.05,1234.05
100238,2026-06-13,C0062,P007,Power Bank,Electronics,1,1799,0.05,1709.05
100239,2026-06-13,C0144,P005,Webcam,Electronics,1,3299,0.0,3299.0
100240,2026-06-10,C0242,P002,Mechanical Keyboard,Accessories,1,2499,0.05,2374.05
100241,2026-06-09,C0166,P006,Bluetooth Speaker,Electronics,1,2199,0.0,2199.0
100242,2026-06-10,C0055,P007,Power Bank,Electronics,1,1799,0.0,1799.0
100243,2026-06-14,C0110,P003,USB-C Hub,Accessories,1,1499,0.0,1499.0
100244,2026-06-09,C0032,P004,Laptop Stand,Accessories,2,1899,0.15,3228.3
100245,2026-06-09,C0247,P007,Power Bank,Electronics,1,1799,0.0,1799.0
100246,2026-06-10,C0072,P008,Desk Lamp,Home Office,1,1299,0.0,1299.0
100247,2026-06-13,C0097,P001,Wireless Mouse,Accessories,2,799,0.0,1598.0
100248,2026-06-11,C0088,P007,Power Bank,Electronics,1,1799,0.1,1619.1
100249,2026-06-13,C0196,P008,Desk Lamp,Home Office,2,1299,0.1,2338.2
100250,2026-06-11,C0055,P005,Webcam,Electronics,1,3299,0.0,3299.0
100251,2026-06-09,C0085,P007,Power Bank,Electronics,1,1799,0.05,1709.05
100252,2026-06-10,C0188,P008,Desk Lamp,Home Office,1,1299,0.05,1234.05
100253,2026-06-09,C0011,P002,Mechanical Keyboard,Accessories,2,2499,0.05,4748.1
100254,2026-06-09,C0140,P007,Power Bank,Electronics,1,1799,0.05,1709.05
100255,2026-06-11,C0137,P005,Webcam,Electronics,1,3299,0.05,3134.05
100256,2026-06-09,C0086,P005,Webcam,Electronics,1,3299,0.1,2969.1
100257,2026-06-11,C0059,P008,Desk Lamp,Home Office,1,1299,0.05,1234.05
100258,2026-06-13,C0115,P007,Power Bank,Electronics,2,1799,0.0,3598.0
100259,2026-06-08,C0025,P006,Bluetooth Speaker,Electronics,1,2199,0.05,2089.05
100260,2026-06-14,C0004,P001,Wireless Mouse,Accessories,1,799,0.1,719.1
100261,2026-06-09,C0037,P002,Mechanical Keyboard,Accessories,2,2499,0.05,4748.1
100262,2026-06-10,C0100,P006,Bluetooth Speaker,Electronics,2,2199,0.0,4398.0
100263,2026-06-08,C0230,P006,Bluetooth Speaker,Electronics,1,2199,0.0,2199.0
100264,2026-06-09,C0213,P004,Laptop Stand,Accessories,1,1899,0.0,1899.0
100265,2026-06-10,C0098,P001,Wireless Mouse,Accessories,1,799,0.05,759.05
100266,2026-06-11,C0173,P005,Webcam,Electronics,1,3299,0.0,3299.0
100267,2026-06-08,C0046,P002,Mechanical Keyboard,Accessories,1,2499,0.05,2374.05
100268,2026-06-09,C0181,P004,Laptop Stand,Accessories,3,1899,0.0,5697.0
100269,2026-06-11,C0040,P003,USB-C Hub,Accessories,1,1499,0.0,1499.0
100270,2026-06-10,C0232,P008,Desk Lamp,Home Office,2,1299,0.05,2468.1
100271,2026-06-10,C0246,P006,Bluetooth Speaker,Electronics,1,2199,0.05,2089.05
100272,2026-06-13,C0239,P005,Webcam,Electronics,1,3299,0.0,3299.0
100273,2026-06-11,C0190,P003,USB-C Hub,Accessories,1,1499,0.0,1499.0
100274,2026-06-10,C0194,P005,Webcam,Electronics,1,3299,0.05,3134.05
100275,2026-06-12,C0217,P001,Wireless Mouse,Accessories,1,799,0.05,759.05
100276,2026-06-12,C0035,P003,USB-C Hub,Accessories,1,1499,0.0,1499.0
100277,2026-06-10,C0222,P002,Mechanical Keyboard,Accessories,2,2499,0.05,4748.1
100278,2026-06-13,C0187,P002,Mechanical Keyboard,Accessories,1,2499,0.0,2499.0
100279,2026-06-10,C0055,P001,Wireless Mouse,Accessories,1,799,0.15,679.15
100280,2026-06-08,C0083,P007,Power Bank,Electronics,1,1799,0.15,1529.15
100281,2026-06-14,C0208,P005,Webcam,Electronics,2,3299,0.05,6268.1
100282,2026-06-13,C0143,P008,Desk Lamp,Home Office,1,1299,0.0,1299.0
100283,2026-06-10,C0032,P002,Mechanical Keyboard,Accessories,1,2499,0.05,2374.05
100284,2026-06-09,C0213,P008,Desk Lamp,Home Office,2,1299,0.0,2598.0
100285,2026-06-13,C0007,P002,Mechanical Keyboard,Accessories,1,2499,0.0,2499.0
100286,2026-06-08,C0215,P003,USB-C Hub,Accessories,2,1499,0.15,2548.3
100287,2026-06-12,C0227,P002,Mechanical Keyboard,Accessories,1,2499,0.0,2499.0
100288,2026-06-09,C0159,P003,USB-C Hub,Accessories,2,1499,0.0,2998.0
100289,2026-06-10,C0037,P004,Laptop Stand,Accessories,1,1899,0.0,1899.0
100290,2026-06-10,C0039,P008,Desk Lamp,Home Office,1,1299,0.0,1299.0
100291,2026-06-14,C0153,P008,Desk Lamp,Home Office,1,1299,0.05,1234.05
100292,2026-06-12,C0108,P002,Mechanical Keyboard,Accessories,1,2499,0.0,2499.0
100293,2026-06-13,C0158,P002,Mechanical Keyboard,Accessories,1,2499,0.1,2249.1
100294,2026-06-10,C0096,P007,Power Bank,Electronics,1,1799,0.0,1799.0
100295,2026-06-10,C0190,P003,USB-C Hub,Accessories,3,1499,0.0,4497.0
100296,2026-06-08,C0016,P005,Webcam,Electronics,1,3299,0.0,3299.0
100297,2026-06-11,C0103,P007,Power Bank,Electronics,1,1799,0.0,1799.0
100298,2026-06-11,C0173,P005,Webcam,Electronics,1,3299,0.0,3299.0
100299,2026-06-13,C0190,P008,Desk Lamp,Home Office,1,1299,0.0,1299.0
100300,2026-06-12,C0207,P001,Wireless Mouse,Accessories,1,799,0.1,719.1
100301,2026-06-15,C0140,P007,Power Bank,Electronics,1,1799,0.05,1709.05
100302,2026-06-17,C0124,P002,Mechanical Keyboard,Accessories,2,2499,0.0,4998.0
100303,2026-06-20,C0011,P007,Power Bank,Electronics,2,1799,0.1,3238.2
100304,2026-06-20,C0004,P005,Webcam,Electronics,3,3299,0.05,9402.15
100305,2026-06-17,C0117,P008,Desk Lamp,Home Office,2,1299,0.05,2468.1
100306,2026-06-17,C0057,P005,Webcam,Electronics,1,3299,0.0,3299.0
100307,2026-06-16,C0006,P001,Wireless Mouse,Accessories,1,799,0.05,759.05
100308,2026-06-19,C0009,P005,Webcam,Electronics,1,3299,0.0,3299.0
100309,2026-06-17,C0234,P004,Laptop Stand,Accessories,3,1899,0.0,5697.0
100310,2026-06-17,C0003,P002,Mechanical Keyboard,Accessories,1,2499,0.15,2124.15
100311,2026-06-17,C0089,P006,Bluetooth Speaker,Electronics,1,2199,0.05,2089.05
100312,2026-06-15,C0105,P004,Laptop Stand,Accessories,1,1899,0.0,1899.0
100313,2026-06-17,C0153,P003,USB-C Hub,Accessories,1,1499,0.1,1349.1
100314,2026-06-16,C0025,P004,Laptop Stand,Accessories,1,1899,0.0,1899.0
100315,2026-06-19,C0207,P003,USB-C Hub,Accessories,1,1499,0.0,1499.0
100316,2026-06-20,C0146,P008,Desk Lamp,Home Office,1,1299,0.0,1299.0
100317,2026-06-20,C0197,P005,Webcam,Electronics,1,3299,0.05,3134.05
100318,2026-06-19,C0062,P001,Wireless Mouse,Accessories,1,799,0.1,719.1
100319,2026-06-19,C0098,P003,USB-C Hub,Accessories,2,1499,0.0,2998.0
100320,2026-06-17,C0147,P005,Webcam,Electronics,1,3299,0.1,2969.1
100321,2026-06-18,C0013,P001,Wireless Mouse,Accessories,1,799,0.0,799.0
100322,2026-06-17,C0191,P005,Webcam,Electronics,1,3299,0.05,3134.05
100323,2026-06-17,C0045,P006,Bluetooth Speaker,Electronics,1,2199,0.1,1979.1
100324,2026-06-16,C0138,P001,Wireless Mouse,Accessories,1,799,0.1,719.1
100325,2026-06-17,C0100,P005,Webcam,Electronics,1,3299,0.0,3299.0
100326,2026-06-16,C0194,P006,Bluetooth Speaker,Electronics,2,2199,0.0,4398.0
100327,2026-06-19,C0104,P006,Bluetooth Speaker,Electronics,1,2199,0.05,2089.05
100328,2026-06-21,C0163,P002,Mechanical Keyboard,Accessories,1,2499,0.0,2499.0
100329,2026-06-20,C0224,P003,USB-C Hub,Accessories,2,1499,0.0,2998.0
100330,2026-06-16,C0037,P007,Power Bank,Electronics,1,1799,0.0,1799.0
100331,2026-06-19,C0242,P006,Bluetooth Speaker,Electronics,2,2199,0.05,4178.1
100332,2026-06-18,C0145,P003,USB-C Hub,Accessories,1,1499,0.05,1424.05
100333,2026-06-16,C0210,P006,Bluetooth Speaker,Electronics,1,2199,0.05,2089.05
100334,2026-06-16,C0164,P006,Bluetooth Speaker,Electronics,3,2199,0.15,5607.45
100335,2026-06-17,C0029,P003,USB-C Hub,Accessories,1,1499,0.0,1499.0
100336,2026-06-17,C0179,P001,Wireless Mouse,Accessories,1,799,0.0,799.0
100337,2026-06-17,C0226,P002,Mechanical Keyboard,Accessories,1,2499,0.0,2499.0
100338,2026-06-19,C0039,P004,Laptop Stand,Accessories,1,1899,0.0,1899.0
100339,2026-06-21,C0032,P007,Power Bank,Electronics,2,1799,0.0,3598.0
100340,2026-06-16,C0027,P007,Power Bank,Electronics,1,1799,0.05,1709.05
100341,2026-06-17,C0221,P001,Wireless Mouse,Accessories,3,799,0.0,2397.0
100342,2026-06-19,C0006,P007,Power Bank,Electronics,1,1799,0.05,1709.05
100343,2026-06-17,C0058,P001,Wireless Mouse,Accessories,1,799,0.0,799.0
100344,2026-06-18,C0064,P006,Bluetooth Speaker,Electronics,1,2199,0.0,2199.0
100345,2026-06-15,C0236,P001,Wireless Mouse,Accessories,1,799,0.05,759.05
100346,2026-06-17,C0093,P008,Desk Lamp,Home Office,1,1299,0.0,1299.0
100347,2026-06-19,C0244,P008,Desk Lamp,Home Office,2,1299,0.1,2338.2
100348,2026-06-21,C0024,P003,USB-C Hub,Accessories,2,1499,0.0,2998.0
100349,2026-06-18,C0153,P002,Mechanical Keyboard,Accessories,1,2499,0.05,2374.05
100350,2026-06-20,C0084,P006,Bluetooth Speaker,Electronics,1,2199,0.05,2089.05
100351,2026-06-18,C0063,P001,Wireless Mouse,Accessories,1,799,0.0,799.0
100352,2026-06-20,C0072,P006,Bluetooth Speaker,Electronics,1,2199,0.05,2089.05
100353,2026-06-17,C0018,P008,Desk Lamp,Home Office,1,1299,0.0,1299.0
100354,2026-06-20,C0166,P008,Desk Lamp,Home Office,1,1299,0.15,1104.15
100355,2026-06-17,C0169,P005,Webcam,Electronics,2,3299,0.15,5608.3
100356,2026-06-17,C0076,P006,Bluetooth Speaker,Electronics,1,2199,0.0,2199.0
100357,2026-06-15,C0086,P006,Bluetooth Speaker,Electronics,1,2199,0.0,2199.0
100358,2026-06-18,C0242,P004,Laptop Stand,Accessories,1,1899,0.05,1804.05
100359,2026-06-18,C0205,P001,Wireless Mouse,Accessories,1,799,0.0,799.0
100360,2026-06-20,C0103,P001,Wireless Mouse,Accessories,2,799,0.0,1598.0
100361,2026-06-16,C0242,P006,Bluetooth Speaker,Electronics,1,2199,0.05,2089.05
100362,2026-06-21,C0104,P002,Mechanical Keyboard,Accessories,1,2499,0.05,2374.05
100363,2026-06-17,C0006,P005,Webcam,Electronics,1,3299,0.0,3299.0
100364,2026-06-15,C0204,P007,Power Bank,Electronics,1,1799,0.0,1799.0
100365,2026-06-16,C0127,P004,Laptop Stand,Accessories,2,1899,0.0,3798.0
100366,2026-06-21,C0058,P003,USB-C Hub,Accessories,2,1499,0.0,2998.0
100367,2026-06-20,C0188,P002,Mechanical Keyboard,Accessories,1,2499,0.0,2499.0
100368,2026-06-16,C0087,P006,Bluetooth Speaker,Electronics,1,2199,0.0,2199.0
100369,2026-06-18,C0147,P005,Webcam,Electronics,1,3299,0.05,3134.05
100370,2026-06-21,C0119,P006,Bluetooth Speaker,Electronics,1,2199,0.0,2199.0
100371,2026-06-19,C0198,P007,Power Bank,Electronics,1,1799,0.0,1799.0
100372,2026-06-16,C0105,P003,USB-C Hub,Accessories,1,1499,0.15,1274.15
100373,2026-06-17,C0189,P003,USB-C Hub,Accessories,1,1499,0.0,1499.0
100374,2026-06-19,C0076,P006,Bluetooth Speaker,Electronics,1,2199,0.0,2199.0
100375,2026-06-15,C0024,P006,Bluetooth Speaker,Electronics,3,2199,0.0,6597.0
100376,2026-06-18,C0020,P005,Webcam,Electronics,1,3299,0.0,3299.0
100377,2026-06-18,C0105,P008,Desk Lamp,Home Office,1,1299,0.0,1299.0
100378,2026-06-18,C0066,P002,Mechanical Keyboard,Accessories,1,2499,0.0,2499.0
100379,2026-06-21,C0243,P002,Mechanical Keyboard,Accessories,2,2499,0.05,4748.1
100380,2026-06-17,C0237,P002,Mechanical Keyboard,Accessories,2,2499,0.0,4998.0
100381,2026-06-16,C0026,P008,Desk Lamp,Home Office,2,1299,0.0,2598.0
100382,2026-06-18,C0014,P008,Desk Lamp,Home Office,1,1299,0.05,1234.05
100383,2026-06-20,C0237,P002,Mechanical Keyboard,Accessories,1,2499,0.1,2249.1
100384,2026-06-15,C0014,P006,Bluetooth Speaker,Electronics,1,2199,0.0,2199.0
100385,2026-06-21,C0145,P001,Wireless Mouse,Accessories,1,799,0.0,799.0
100386,2026-06-17,C0229,P001,Wireless Mouse,Accessories,3,799,0.0,2397.0
100387,2026-06-19,C0164,P007,Power Bank,Electronics,1,1799,0.05,1709.05
100388,2026-06-19,C0195,P007,Power Bank,Electronics,1,1799,0.0,1799.0
100389,2026-06-20,C0076,P006,Bluetooth Speaker,Electronics,1,2199,0.0,2199.0
100390,2026-06-20,C0171,P001,Wireless Mouse,Accessories,1,799,0.0,799.0
100391,2026-06-18,C0028,P001,Wireless Mouse,Accessories,1,799,0.0,799.0
100392,2026-06-15,C0165,P003,USB-C Hub,Accessories,1,1499,0.05,1424.05
100393,2026-06-15,C0111,P001,Wireless Mouse,Accessories,1,799,0.0,799.0
100394,2026-06-21,C0114,P006,Bluetooth Speaker,Electronics,1,2199,0.0,2199.0
100395,2026-06-20,C0026,P002,Mechanical Keyboard,Accessories,1,2499,0.0,2499.0
100396,2026-06-19,C0245,P001,Wireless Mouse,Accessories,1,799,0.0,799.0
100397,2026-06-17,C0012,P005,Webcam,Electronics,1,3299,0.05,3134.05
100398,2026-06-16,C0043,P004,Laptop Stand,Accessories,3,1899,0.15,4842.45
100399,2026-06-20,C0039,P002,Mechanical Keyboard,Accessories,1,2499,0.15,2124.15
100400,2026-06-21,C0172,P008,Desk Lamp,Home Office,1,1299,0.0,1299.0
100401,2026-06-27,C0052,P004,Laptop Stand,Accessories,1,1899,0.0,1899.0
100402,2026-06-23,C0085,P002,Mechanical Keyboard,Accessories,1,2499,0.0,2499.0
100403,2026-06-22,C0005,P007,Power Bank,Electronics,1,1799,0.0,1799.0
100404,2026-06-28,C0119,P006,Bluetooth Speaker,Electronics,1,2199,0.05,2089.05
100405,2026-06-23,C0145,P003,USB-C Hub,Accessories,1,1499,0.0,1499.0
100406,2026-06-23,C0219,P008,Desk Lamp,Home Office,2,1299,0.05,2468.1
100407,2026-06-22,C0031,P006,Bluetooth Speaker,Electronics,2,2199,0.05,4178.1
100408,2026-06-27,C0190,P005,Webcam,Electronics,1,3299,0.05,3134.05
100409,2026-06-25,C0073,P002,Mechanical Keyboard,Accessories,3,2499,0.0,7497.0
100410,2026-06-22,C0245,P001,Wireless Mouse,Accessories,3,799,0.05,2277.15
100411,2026-06-26,C0125,P007,Power Bank,Electronics,1,1799,0.1,1619.1
100412,2026-06-27,C0226,P006,Bluetooth Speaker,Electronics,2,2199,0.0,4398.0
100413,2026-06-23,C0075,P005,Webcam,Electronics,2,3299,0.0,6598.0
100414,2026-06-22,C0213,P008,Desk Lamp,Home Office,1,1299,0.05,1234.05
100415,2026-06-28,C0149,P001,Wireless Mouse,Accessories,1,799,0.0,799.0
100416,2026-06-24,C0224,P004,Laptop Stand,Accessories,1,1899,0.05,1804.05
100417,2026-06-22,C0099,P003,USB-C Hub,Accessories,1,1499,0.0,1499.0
100418,2026-06-27,C0003,P006,Bluetooth Speaker,Electronics,1,2199,0.0,2199.0
100419,2026-06-26,C0156,P002,Mechanical Keyboard,Accessories,3,2499,0.1,6747.3
100420,2026-06-26,C0226,P005,Webcam,Electronics,1,3299,0.0,3299.0
100421,2026-06-26,C0176,P007,Power Bank,Electronics,1,1799,0.05,1709.05
100422,2026-06-28,C0171,P006,Bluetooth Speaker,Electronics,1,2199,0.05,2089.05
100423,2026-06-26,C0047,P005,Webcam,Electronics,1,3299,0.0,3299.0
100424,2026-06-26,C0051,P004,Laptop Stand,Accessories,3,1899,0.05,5412.15
100425,2026-06-28,C0034,P004,Laptop Stand,Accessories,2,1899,0.0,3798.0
100426,2026-06-27,C0238,P005,Webcam,Electronics,1,3299,0.0,3299.0
100427,2026-06-24,C0144,P005,Webcam,Electronics,2,3299,0.0,6598.0
100428,2026-06-23,C0077,P004,Laptop Stand,Accessories,1,1899,0.0,1899.0
100429,2026-06-25,C0095,P002,Mechanical Keyboard,Accessories,1,2499,0.0,2499.0
100430,2026-06-25,C0191,P002,Mechanical Keyboard,Accessories,2,2499,0.0,4998.0
100431,2026-06-22,C0084,P002,Mechanical Keyboard,Accessories,1,2499,0.1,2249.1
100432,2026-06-25,C0120,P006,Bluetooth Speaker,Electronics,2,2199,0.05,4178.1
100433,2026-06-26,C0150,P002,Mechanical Keyboard,Accessories,1,2499,0.0,2499.0
100434,2026-06-27,C0009,P005,Webcam,Electronics,2,3299,0.0,6598.0
100435,2026-06-28,C0170,P002,Mechanical Keyboard,Accessories,1,2499,0.0,2499.0
100436,2026-06-22,C0152,P002,Mechanical Keyboard,Accessories,1,2499,0.0,2499.0
100437,2026-06-24,C0146,P004,Laptop Stand,Accessories,1,1899,0.05,1804.05
100438,2026-06-24,C0069,P004,Laptop Stand,Accessories,1,1899,0.0,1899.0
100439,2026-06-28,C0119,P001,Wireless Mouse,Accessories,1,799,0.1,719.1
100440,2026-06-26,C0163,P001,Wireless Mouse,Accessories,1,799,0.0,799.0
100441,2026-06-25,C0078,P007,Power Bank,Electronics,1,1799,0.0,1799.0
100442,2026-06-26,C0064,P005,Webcam,Electronics,1,3299,0.0,3299.0
100443,2026-06-24,C0118,P007,Power Bank,Electronics,1,1799,0.0,1799.0
100444,2026-06-26,C0024,P007,Power Bank,Electronics,1,1799,0.0,1799.0
100445,2026-06-25,C0042,P006,Bluetooth Speaker,Electronics,1,2199,0.05,2089.05
100446,2026-06-28,C0097,P005,Webcam,Electronics,1,3299,0.0,3299.0
100447,2026-06-25,C0070,P003,USB-C Hub,Accessories,1,1499,0.0,1499.0
100448,2026-06-22,C0130,P007,Power Bank,Electronics,1,1799,0.0,1799.0
100449,2026-06-25,C0008,P005,Webcam,Electronics,1,3299,0.05,3134.05
100450,2026-06-27,C0125,P008,Desk Lamp,Home Office,1,1299,0.0,1299.0
100451,2026-06-23,C0172,P003,USB-C Hub,Accessories,1,1499,0.0,1499.0
100452,2026-06-23,C0030,P006,Bluetooth Speaker,Electronics,1,2199,0.05,2089.05
100453,2026-06-25,C0197,P008,Desk Lamp,Home Office,1,1299,0.0,1299.0
100454,2026-06-26,C0208,P005,Webcam,Electronics,1,3299,0.0,3299.0
100455,2026-06-23,C0012,P006,Bluetooth Speaker,Electronics,1,2199,0.1,1979.1
100456,2026-06-22,C0144,P008,Desk Lamp,Home Office,1,1299,0.05,1234.05
100457,2026-06-27,C0118,P005,Webcam,Electronics,1,3299,0.15,2804.15
100458,2026-06-26,C0121,P004,Laptop Stand,Accessories,2,1899,0.0,3798.0
100459,2026-06-27,C0200,P005,Webcam,Electronics,1,3299,0.0,3299.0
100460,2026-06-28,C0038,P008,Desk Lamp,Home Office,1,1299,0.1,1169.1
100461,2026-06-25,C0151,P002,Mechanical Keyboard,Accessories,1,2499,0.0,2499.0
100462,2026-06-23,C0219,P005,Webcam,Electronics,1,3299,0.0,3299.0
100463,2026-06-22,C0190,P001,Wireless Mouse,Accessories,1,799,0.1,719.1
100464,2026-06-28,C0163,P002,Mechanical Keyboard,Accessories,1,2499,0.0,2499.0
100465,2026-06-27,C0244,P003,USB-C Hub,Accessories,1,1499,0.05,1424.05
100466,2026-06-23,C0082,P004,Laptop Stand,Accessories,2,1899,0.0,3798.0
100467,2026-06-26,C0206,P003,USB-C Hub,Accessories,1,1499,0.0,1499.0
100468,2026-06-27,C0073,P003,USB-C Hub,Accessories,2,1499,0.0,2998.0
100469,2026-06-28,C0163,P005,Webcam,Electronics,1,3299,0.0,3299.0
100470,2026-06-23,C0025,P006,Bluetooth Speaker,Electronics,3,2199,0.05,6267.15
100471,2026-06-23,C0095,P001,Wireless Mouse,Accessories,1,799,0.0,799.0
100472,2026-06-27,C0125,P001,Wireless Mouse,Accessories,1,799,0.05,759.05
100473,2026-06-25,C0141,P003,USB-C Hub,Accessories,3,1499,0.1,4047.3
100474,2026-06-26,C0025,P002,Mechanical Keyboard,Accessories,1,2499,0.0,2499.0
100475,2026-06-28,C0128,P004,Laptop Stand,Accessories,1,1899,0.05,1804.05
100476,2026-06-25,C0221,P005,Webcam,Electronics,2,3299,0.1,5938.2
100477,2026-06-25,C0130,P007,Power Bank,Electronics,1,1799,0.0,1799.0
100478,2026-06-25,C0211,P007,Power Bank,Electronics,1,1799,0.0,1799.0
100479,2026-06-23,C0178,P002,Mechanical Keyboard,Accessories,1,2499,0.0,2499.0
100480,2026-06-26,C0083,P007,Power Bank,Electronics,1,1799,0.15,1529.15
100481,2026-06-22,C0238,P003,USB-C Hub,Accessories,1,1499,0.05,1424.05
100482,2026-06-24,C0004,P007,Power Bank,Electronics,1,1799,0.0,1799.0
100483,2026-06-25,C0124,P007,Power Bank,Electronics,1,1799,0.0,1799.0
100484,2026-06-25,C0231,P005,Webcam,Electronics,1,3299,0.0,3299.0
100485,2026-06-23,C0227,P007,Power Bank,Electronics,2,1799,0.0,3598.0
100486,2026-06-28,C0229,P003,USB-C Hub,Accessories,1,1499,0.1,1349.1
100487,2026-06-26,C0062,P006,Bluetooth Speaker,Electronics,3,2199,0.0,6597.0
100488,2026-06-24,C0138,P005,Webcam,Electronics,1,3299,0.0,3299.0
100489,2026-06-28,C0013,P002,Mechanical Keyboard,Accessories,1,2499,0.05,2374.05
100490,2026-06-26,C0082,P002,Mechanical Keyboard,Accessories,1,2499,0.15,2124.15
100491,2026-06-26,C0241,P005,Webcam,Electronics,1,3299,0.0,3299.0
100492,2026-06-25,C0183,P003,USB-C Hub,Accessories,1,1499,0.1,1349.1
100493,2026-06-26,C0112,P002,Mechanical Keyboard,Accessories,1,2499,0.1,2249.1
100494,2026-06-25,C0180,P002,Mechanical Keyboard,Accessories,1,2499,0.0,2499.0
100495,2026-06-26,C0113,P006,Bluetooth Speaker,Electronics,1,2199,0.15,1869.15
100496,2026-06-22,C0129,P008,Desk Lamp,Home Office,2,1299,0.0,2598.0
100497,2026-06-23,C0242,P004,Laptop Stand,Accessories,1,1899,0.0,1899.0
100498,2026-06-23,C0203,P008,Desk Lamp,Home Office,2,1299,0.0,2598.0
100499,2026-06-28,C0177,P002,Mechanical Keyboard,Accessories,1,2499,0.0,2499.0
100500,2026-06-28,C0211,P001,Wireless Mouse,Accessories,1,799,0.0,799.0
100501,2026-07-03,C0008,P008,Desk Lamp,Home Office,3,1299,0.0,3897.0
100502,2026-07-03,C0109,P008,Desk Lamp,Home Office,1,1299,0.05,1234.05
100503,2026-07-01,C0148,P008,Desk Lamp,Home Office,1,1299,0.0,1299.0
100504,2026-07-03,C0139,P008,Desk Lamp,Home Office,1,1299,0.0,1299.0
100505,2026-07-02,C0051,P007,Power Bank,Electronics,2,1799,0.05,3418.1
100506,2026-07-01,C0096,P002,Mechanical Keyboard,Accessories,1,2499,0.05,2374.05
100507,2026-06-30,C0081,P006,Bluetooth Speaker,Electronics,1,2199,0.0,2199.0
100508,2026-07-05,C0194,P008,Desk Lamp,Home Office,2,1299,0.05,2468.1
100509,2026-07-05,C0068,P002,Mechanical Keyboard,Accessories,1,2499,0.0,2499.0
100510,2026-07-04,C0190,P001,Wireless Mouse,Accessories,1,799,0.0,799.0
100511,2026-07-05,C0091,P002,Mechanical Keyboard,Accessories,1,2499,0.0,2499.0
100512,2026-06-30,C0144,P006,Bluetooth Speaker,Electronics,1,2199,0.1,1979.1
100513,2026-07-02,C0168,P002,Mechanical Keyboard,Accessories,1,2499,0.0,2499.0
100514,2026-06-30,C0078,P007,Power Bank,Electronics,1,1799,0.0,1799.0
100515,2026-07-02,C0158,P002,Mechanical Keyboard,Accessories,1,2499,0.1,2249.1
100516,2026-07-02,C0113,P005,Webcam,Electronics,1,3299,0.0,3299.0
100517,2026-07-03,C0039,P003,USB-C Hub,Accessories,1,1499,0.0,1499.0
100518,2026-06-29,C0141,P004,Laptop Stand,Accessories,2,1899,0.0,3798.0
100519,2026-07-04,C0238,P005,Webcam,Electronics,3,3299,0.05,9402.15
100520,2026-07-05,C0086,P007,Power Bank,Electronics,1,1799,0.0,1799.0
100521,2026-07-04,C0013,P003,USB-C Hub,Accessories,1,1499,0.0,1499.0
100522,2026-06-30,C0027,P002,Mechanical Keyboard,Accessories,1,2499,0.05,2374.05
100523,2026-06-30,C0044,P007,Power Bank,Electronics,1,1799,0.0,1799.0
100524,2026-07-03,C0184,P006,Bluetooth Speaker,Electronics,1,2199,0.05,2089.05
100525,2026-07-01,C0030,P007,Power Bank,Electronics,1,1799,0.0,1799.0
100526,2026-07-05,C0111,P004,Laptop Stand,Accessories,1,1899,0.05,1804.05
100527,2026-06-30,C0005,P002,Mechanical Keyboard,Accessories,1,2499,0.0,2499.0
100528,2026-07-01,C0064,P001,Wireless Mouse,Accessories,1,799,0.0,799.0
100529,2026-06-30,C0128,P002,Mechanical Keyboard,Accessories,1,2499,0.05,2374.05
100530,2026-07-04,C0112,P007,Power Bank,Electronics,1,1799,0.05,1709.05
100531,2026-07-03,C0090,P001,Wireless Mouse,Accessories,1,799,0.0,799.0
100532,2026-06-30,C0121,P006,Bluetooth Speaker,Electronics,2,2199,0.0,4398.0
100533,2026-06-30,C0243,P005,Webcam,Electronics,1,3299,0.0,3299.0
100534,2026-07-05,C0186,P007,Power Bank,Electronics,1,1799,0.0,1799.0
100535,2026-07-02,C0024,P007,Power Bank,Electronics,1,1799,0.05,1709.05
100536,2026-07-04,C0054,P003,USB-C Hub,Accessories,1,1499,0.05,1424.05
100537,2026-07-05,C0188,P005,Webcam,Electronics,1,3299,0.0,3299.0
100538,2026-06-29,C0004,P005,Webcam,Electronics,1,3299,0.05,3134.05
100539,2026-07-03,C0186,P006,Bluetooth Speaker,Electronics,1,2199,0.0,2199.0
100540,2026-07-05,C0162,P004,Laptop Stand,Accessories,1,1899,0.05,1804.05
100541,2026-07-04,C0147,P002,Mechanical Keyboard,Accessories,1,2499,0.0,2499.0
100542,2026-06-29,C0109,P007,Power Bank,Electronics,1,1799,0.0,1799.0
100543,2026-07-02,C0100,P006,Bluetooth Speaker,Electronics,3,2199,0.0,6597.0
100544,2026-07-01,C0113,P008,Desk Lamp,Home Office,1,1299,0.0,1299.0
100545,2026-07-05,C0220,P001,Wireless Mouse,Accessories,1,799,0.0,799.0
100546,2026-07-01,C0045,P007,Power Bank,Electronics,3,1799,0.1,4857.3
100547,2026-06-29,C0047,P001,Wireless Mouse,Accessories,1,799,0.0,799.0
100548,2026-07-01,C0075,P007,Power Bank,Electronics,1,1799,0.1,1619.1
100549,2026-07-05,C0244,P001,Wireless Mouse,Accessories,3,799,0.0,2397.0
100550,2026-07-03,C0113,P002,Mechanical Keyboard,Accessories,1,2499,0.0,2499.0
100551,2026-07-04,C0109,P006,Bluetooth Speaker,Electronics,1,2199,0.05,2089.05
100552,2026-07-01,C0154,P005,Webcam,Electronics,1,3299,0.1,2969.1
100553,2026-07-01,C0049,P005,Webcam,Electronics,2,3299,0.0,6598.0
100554,2026-07-03,C0090,P002,Mechanical Keyboard,Accessories,2,2499,0.05,4748.1
100555,2026-07-02,C0129,P006,Bluetooth Speaker,Electronics,1,2199,0.0,2199.0
100556,2026-06-29,C0060,P004,Laptop Stand,Accessories,2,1899,0.0,3798.0
100557,2026-07-02,C0217,P004,Laptop Stand,Accessories,1,1899,0.1,1709.1
100558,2026-07-02,C0158,P005,Webcam,Electronics,1,3299,0.0,3299.0
100559,2026-07-04,C0014,P004,Laptop Stand,Accessories,1,1899,0.0,1899.0
100560,2026-06-30,C0217,P008,Desk Lamp,Home Office,1,1299,0.0,1299.0
100561,2026-07-03,C0184,P006,Bluetooth Speaker,Electronics,1,2199,0.0,2199.0
100562,2026-07-01,C0021,P004,Laptop Stand,Accessories,1,1899,0.05,1804.05
100563,2026-07-02,C0127,P002,Mechanical Keyboard,Accessories,1,2499,0.0,2499.0
100564,2026-07-05,C0216,P002,Mechanical Keyboard,Accessories,1,2499,0.0,2499.0
100565,2026-07-05,C0236,P008,Desk Lamp,Home Office,2,1299,0.0,2598.0
100566,2026-07-04,C0069,P001,Wireless Mouse,Accessories,1,799,0.15,679.15
100567,2026-07-01,C0147,P007,Power Bank,Electronics,1,1799,0.05,1709.05
100568,2026-07-01,C0189,P001,Wireless Mouse,Accessories,2,799,0.15,1358.3
100569,2026-06-29,C0234,P001,Wireless Mouse,Accessories,1,799,0.0,799.0
100570,2026-06-29,C0152,P007,Power Bank,Electronics,1,1799,0.0,1799.0
100571,2026-07-03,C0169,P005,Webcam,Electronics,2,3299,0.05,6268.1
100572,2026-07-05,C0238,P006,Bluetooth Speaker,Electronics,1,2199,0.05,2089.05
100573,2026-07-04,C0002,P002,Mechanical Keyboard,Accessories,1,2499,0.0,2499.0
100574,2026-07-04,C0144,P008,Desk Lamp,Home Office,1,1299,0.0,1299.0
100575,2026-07-01,C0239,P005,Webcam,Electronics,1,3299,0.0,3299.0
100576,2026-07-04,C0243,P004,Laptop Stand,Accessories,1,1899,0.15,1614.15
100577,2026-07-05,C0020,P001,Wireless Mouse,Accessories,1,799,0.0,799.0
100578,2026-06-30,C0143,P007,Power Bank,Electronics,2,1799,0.05,3418.1
100579,2026-07-03,C0155,P007,Power Bank,Electronics,2,1799,0.1,3238.2
100580,2026-07-03,C0113,P001,Wireless Mouse,Accessories,1,799,0.05,759.05
100581,2026-07-05,C0200,P002,Mechanical Keyboard,Accessories,1,2499,0.0,2499.0
100582,2026-07-02,C0167,P001,Wireless Mouse,Accessories,1,799,0.05,759.05
100583,2026-07-02,C0147,P007,Power Bank,Electronics,2,1799,0.0,3598.0
100584,2026-07-03,C0008,P003,USB-C Hub,Accessories,1,1499,0.0,1499.0
100585,2026-07-02,C0072,P004,Laptop Stand,Accessories,2,1899,0.0,3798.0
100586,2026-07-05,C0104,P001,Wireless Mouse,Accessories,1,799,0.1,719.1
100587,2026-06-30,C0130,P002,Mechanical Keyboard,Accessories,1,2499,0.05,2374.05
100588,2026-07-05,C0114,P008,Desk Lamp,Home Office,2,1299,0.1,2338.2
100589,2026-07-01,C0247,P008,Desk Lamp,Home Office,1,1299,0.05,1234.05
100590,2026-07-03,C0004,P008,Desk Lamp,Home Office,1,1299,0.0,1299.0
100591,2026-07-04,C0137,P006,Bluetooth Speaker,Electronics,3,2199,0.1,5937.3
100592,2026-07-02,C0063,P003,USB-C Hub,Accessories,1,1499,0.15,1274.15
100593,2026-07-03,C0162,P007,Power Bank,Electronics,1,1799,0.05,1709.05
100594,2026-07-02,C0247,P004,Laptop Stand,Accessories,2,1899,0.0,3798.0
100595,2026-07-01,C0025,P005,Webcam,Electronics,1,3299,0.0,3299.0
100596,2026-07-02,C0227,P002,Mechanical Keyboard,Accessories,1,2499,0.0,2499.0
100597,2026-07-03,C0178,P004,Laptop Stand,Accessories,2,1899,0.1,3418.2
100598,2026-07-04,C0194,P003,USB-C Hub,Accessories,2,1499,0.15,2548.3
100599,2026-07-05,C0226,P004,Laptop Stand,Accessories,1,1899,0.0,1899.0
100600,2026-07-04,C0240,P003,USB-C Hub,Accessories,2,1499,0.0,2998.0
100601,2026-07-10,C0213,P004,Laptop Stand,Accessories,2,1899,0.0,3798.0
100602,2026-07-08,C0082,P004,Laptop Stand,Accessories,2,1899,0.05,3608.1
100603,2026-07-07,C0150,P003,USB-C Hub,Accessories,1,1499,0.05,1424.05
100604,2026-07-06,C0091,P005,Webcam,Electronics,2,3299,0.1,5938.2
100605,2026-07-08,C0066,P001,Wireless Mouse,Accessories,1,799,0.05,759.05
100606,2026-07-08,C0198,P008,Desk Lamp,Home Office,1,1299,0.05,1234.05
100607,2026-07-06,C0087,P004,Laptop Stand,Accessories,1,1899,0.1,1709.1
100608,2026-07-12,C0038,P003,USB-C Hub,Accessories,1,1499,0.0,1499.0
100609,2026-07-12,C0181,P007,Power Bank,Electronics,1,1799,0.05,1709.05
100610,2026-07-11,C0039,P004,Laptop Stand,Accessories,2,1899,0.1,3418.2
100611,2026-07-06,C0115,P003,USB-C Hub,Accessories,1,1499,0.1,1349.1
100612,2026-07-06,C0091,P006,Bluetooth Speaker,Electronics,1,2199,0.05,2089.05
100613,2026-07-07,C0245,P008,Desk Lamp,Home Office,1,1299,0.0,1299.0
100614,2026-07-11,C0084,P003,USB-C Hub,Accessories,1,1499,0.1,1349.1
100615,2026-07-06,C0102,P001,Wireless Mouse,Accessories,1,799,0.0,799.0
100616,2026-07-12,C0179,P006,Bluetooth Speaker,Electronics,2,2199,0.0,4398.0
100617,2026-07-08,C0173,P002,Mechanical Keyboard,Accessories,1,2499,0.1,2249.1
100618,2026-07-12,C0119,P006,Bluetooth Speaker,Electronics,1,2199,0.0,2199.0
100619,2026-07-06,C0120,P004,Laptop Stand,Accessories,1,1899,0.0,1899.0
100620,2026-07-11,C0030,P005,Webcam,Electronics,1,3299,0.0,3299.0
100621,2026-07-06,C0142,P008,Desk Lamp,Home Office,1,1299,0.0,1299.0
100622,2026-07-08,C0222,P005,Webcam,Electronics,1,3299,0.0,3299.0
100623,2026-07-06,C0002,P004,Laptop Stand,Accessories,1,1899,0.1,1709.1
100624,2026-07-06,C0127,P005,Webcam,Electronics,1,3299,0.1,2969.1
100625,2026-07-12,C0176,P007,Power Bank,Electronics,1,1799,0.1,1619.1
100626,2026-07-11,C0050,P004,Laptop Stand,Accessories,1,1899,0.15,1614.15
100627,2026-07-10,C0101,P007,Power Bank,Electronics,1,1799,0.0,1799.0
100628,2026-07-08,C0189,P004,Laptop Stand,Accessories,1,1899,0.0,1899.0
100629,2026-07-06,C0224,P004,Laptop Stand,Accessories,2,1899,0.0,3798.0
100630,2026-07-06,C0076,P008,Desk Lamp,Home Office,1,1299,0.0,1299.0
100631,2026-07-11,C0147,P004,Laptop Stand,Accessories,1,1899,0.0,1899.0
100632,2026-07-07,C0051,P004,Laptop Stand,Accessories,1,1899,0.05,1804.05
100633,2026-07-11,C0055,P004,Laptop Stand,Accessories,2,1899,0.05,3608.1
100634,2026-07-12,C0173,P004,Laptop Stand,Accessories,1,1899,0.0,1899.0
100635,2026-07-08,C0091,P006,Bluetooth Speaker,Electronics,1,2199,0.0,2199.0
100636,2026-07-12,C0006,P001,Wireless Mouse,Accessories,1,799,0.05,759.05
100637,2026-07-11,C0006,P001,Wireless Mouse,Accessories,1,799,0.0,799.0
100638,2026-07-07,C0193,P003,USB-C Hub,Accessories,1,1499,0.0,1499.0
100639,2026-07-06,C0142,P005,Webcam,Electronics,1,3299,0.05,3134.05
100640,2026-07-08,C0141,P008,Desk Lamp,Home Office,1,1299,0.0,1299.0
100641,2026-07-10,C0136,P006,Bluetooth Speaker,Electronics,2,2199,0.0,4398.0
100642,2026-07-08,C0085,P004,Laptop Stand,Accessories,1,1899,0.0,1899.0
100643,2026-07-10,C0054,P001,Wireless Mouse,Accessories,1,799,0.0,799.0
100644,2026-07-11,C0041,P001,Wireless Mouse,Accessories,1,799,0.0,799.0
100645,2026-07-06,C0183,P008,Desk Lamp,Home Office,1,1299,0.1,1169.1
100646,2026-07-06,C0147,P007,Power Bank,Electronics,1,1799,0.05,1709.05
100647,2026-07-08,C0168,P005,Webcam,Electronics,2,3299,0.0,6598.0
100648,2026-07-09,C0245,P003,USB-C Hub,Accessories,1,1499,0.1,1349.1
100649,2026-07-10,C0090,P004,Laptop Stand,Accessories,1,1899,0.0,1899.0
100650,2026-07-12,C0091,P004,Laptop Stand,Accessories,2,1899,0.0,3798.0
100651,2026-07-11,C0177,P007,Power Bank,Electronics,1,1799,0.1,1619.1
100652,2026-07-12,C0222,P004,Laptop Stand,Accessories,1,1899,0.0,1899.0
100653,2026-07-06,C0239,P007,Power Bank,Electronics,1,1799,0.0,1799.0
100654,2026-07-09,C0122,P008,Desk Lamp,Home Office,2,1299,0.0,2598.0
100655,2026-07-08,C0029,P007,Power Bank,Electronics,1,1799,0.0,1799.0
100656,2026-07-06,C0010,P002,Mechanical Keyboard,Accessories,1,2499,0.05,2374.05
100657,2026-07-11,C0039,P002,Mechanical Keyboard,Accessories,1,2499,0.0,2499.0
100658,2026-07-09,C0002,P003,USB-C Hub,Accessories,1,1499,0.0,1499.0
100659,2026-07-10,C0002,P006,Bluetooth Speaker,Electronics,2,2199,0.15,3738.3
100660,2026-07-06,C0065,P001,Wireless Mouse,Accessories,1,799,0.0,799.0
100661,2026-07-12,C0062,P005,Webcam,Electronics,1,3299,0.1,2969.1
100662,2026-07-06,C0249,P007,Power Bank,Electronics,1,1799,0.05,1709.05
100663,2026-07-11,C0164,P004,Laptop Stand,Accessories,1,1899,0.1,1709.1
100664,2026-07-08,C0122,P005,Webcam,Electronics,1,3299,0.0,3299.0
100665,2026-07-11,C0195,P004,Laptop Stand,Accessories,1,1899,0.0,1899.0
100666,2026-07-09,C0104,P004,Laptop Stand,Accessories,2,1899,0.0,3798.0
100667,2026-07-08,C0118,P008,Desk Lamp,Home Office,1,1299,0.0,1299.0
100668,2026-07-09,C0184,P004,Laptop Stand,Accessories,1,1899,0.0,1899.0
100669,2026-07-09,C0065,P005,Webcam,Electronics,1,3299,0.0,3299.0
100670,2026-07-06,C0188,P007,Power Bank,Electronics,1,1799,0.0,1799.0
100671,2026-07-07,C0219,P004,Laptop Stand,Accessories,1,1899,0.0,1899.0
100672,2026-07-11,C0069,P003,USB-C Hub,Accessories,1,1499,0.05,1424.05
100673,2026-07-07,C0065,P008,Desk Lamp,Home Office,1,1299,0.15,1104.15
100674,2026-07-12,C0158,P004,Laptop Stand,Accessories,1,1899,0.15,1614.15
100675,2026-07-08,C0155,P003,USB-C Hub,Accessories,3,1499,0.0,4497.0
100676,2026-07-11,C0051,P006,Bluetooth Speaker,Electronics,2,2199,0.0,4398.0
100677,2026-07-07,C0030,P006,Bluetooth Speaker,Electronics,2,2199,0.0,4398.0
100678,2026-07-07,C0124,P005,Webcam,Electronics,2,3299,0.0,6598.0
100679,2026-07-10,C0201,P003,USB-C Hub,Accessories,2,1499,0.05,2848.1
100680,2026-07-06,C0244,P005,Webcam,Electronics,1,3299,0.15,2804.15
100681,2026-07-06,C0069,P005,Webcam,Electronics,3,3299,0.05,9402.15
100682,2026-07-10,C0086,P001,Wireless Mouse,Accessories,1,799,0.0,799.0
100683,2026-07-10,C0098,P003,USB-C Hub,Accessories,2,1499,0.0,2998.0
100684,2026-07-10,C0127,P003,USB-C Hub,Accessories,1,1499,0.0,1499.0
100685,2026-07-09,C0243,P005,Webcam,Electronics,3,3299,0.05,9402.15
100686,2026-07-06,C0141,P004,Laptop Stand,Accessories,1,1899,0.15,1614.15
100687,2026-07-12,C0017,P002,Mechanical Keyboard,Accessories,1,2499,0.0,2499.0
100688,2026-07-08,C0152,P004,Laptop Stand,Accessories,1,1899,0.0,1899.0
100689,2026-07-07,C0028,P003,USB-C Hub,Accessories,1,1499,0.0,1499.0
100690,2026-07-10,C0064,P001,Wireless Mouse,Accessories,1,799,0.1,719.1
100691,2026-07-08,C0047,P005,Webcam,Electronics,1,3299,0.0,3299.0
100692,2026-07-09,C0220,P006,Bluetooth Speaker,Electronics,1,2199,0.05,2089.05
100693,2026-07-10,C0250,P001,Wireless Mouse,Accessories,1,799,0.0,799.0
100694,2026-07-09,C0048,P006,Bluetooth Speaker,Electronics,1,2199,0.0,2199.0
100695,2026-07-09,C0183,P004,Laptop Stand,Accessories,2,1899,0.0,3798.0
100696,2026-07-07,C0216,P004,Laptop Stand,Accessories,1,1899,0.0,1899.0
100697,2026-07-12,C0243,P007,Power Bank,Electronics,1,1799,0.1,1619.1
100698,2026-07-07,C0082,P001,Wireless Mouse,Accessories,2,799,0.15,1358.3
100699,2026-07-09,C0135,P003,USB-C Hub,Accessories,1,1499,0.05,1424.05
100700,2026-07-10,C0116,P003,USB-C Hub,Accessories,1,1499,0.0,1499.0
100701,2026-07-17,C0072,P001,Wireless Mouse,Accessories,1,799,0.0,799.0
100702,2026-07-15,C0013,P007,Power Bank,Electronics,2,1799,0.0,3598.0
100703,2026-07-19,C0114,P006,Bluetooth Speaker,Electronics,1,2199,0.05,2089.05
100704,2026-07-18,C0138,P005,Webcam,Electronics,1,3299,0.1,2969.1
100705,2026-07-14,C0194,P008,Desk Lamp,Home Office,1,1299,0.0,1299.0
100706,2026-07-13,C0222,P008,Desk Lamp,Home Office,1,1299,0.0,1299.0
100707,2026-07-19,C0113,P003,USB-C Hub,Accessories,3,1499,0.05,4272.15
100708,2026-07-19,C0025,P006,Bluetooth Speaker,Electronics,1,2199,0.05,2089.05
100709,2026-07-17,C0136,P001,Wireless Mouse,Accessories,1,799,0.0,799.0
100710,2026-07-17,C0164,P004,Laptop Stand,Accessories,1,1899,0.05,1804.05
100711,2026-07-15,C0034,P002,Mechanical Keyboard,Accessories,1,2499,0.0,2499.0
100712,2026-07-18,C0102,P006,Bluetooth Speaker,Electronics,1,2199,0.0,2199.0
100713,2026-07-15,C0205,P003,USB-C Hub,Accessories,1,1499,0.05,1424.05
100714,2026-07-17,C0123,P008,Desk Lamp,Home Office,1,1299,0.15,1104.15
100715,2026-07-18,C0162,P008,Desk Lamp,Home Office,1,1299,0.0,1299.0
100716,2026-07-14,C0194,P004,Laptop Stand,Accessories,1,1899,0.0,1899.0
100717,2026-07-14,C0034,P005,Webcam,Electronics,1,3299,0.0,3299.0
100718,2026-07-19,C0126,P003,USB-C Hub,Accessories,2,1499,0.1,2698.2
100719,2026-07-19,C0039,P003,USB-C Hub,Accessories,1,1499,0.05,1424.05
100720,2026-07-13,C0021,P001,Wireless Mouse,Accessories,1,799,0.15,679.15
100721,2026-07-15,C0031,P005,Webcam,Electronics,1,3299,0.05,3134.05
100722,2026-07-13,C0010,P007,Power Bank,Electronics,1,1799,0.0,1799.0
100723,2026-07-16,C0114,P008,Desk Lamp,Home Office,1,1299,0.05,1234.05
100724,2026-07-18,C0152,P002,Mechanical Keyboard,Accessories,1,2499,0.1,2249.1
100725,2026-07-19,C0059,P006,Bluetooth Speaker,Electronics,1,2199,0.0,2199.0
100726,2026-07-19,C0206,P008,Desk Lamp,Home Office,1,1299,0.0,1299.0
100727,2026-07-14,C0105,P002,Mechanical Keyboard,Accessories,2,2499,0.05,4748.1
100728,2026-07-16,C0250,P001,Wireless Mouse,Accessories,1,799,0.0,799.0
100729,2026-07-17,C0209,P002,Mechanical Keyboard,Accessories,1,2499,0.05,2374.05
100730,2026-07-19,C0069,P008,Desk Lamp,Home Office,2,1299,0.0,2598.0
100731,2026-07-16,C0121,P001,Wireless Mouse,Accessories,1,799,0.1,719.1
100732,2026-07-13,C0172,P003,USB-C Hub,Accessories,1,1499,0.1,1349.1
100733,2026-07-16,C0083,P004,Laptop Stand,Accessories,2,1899,0.1,3418.2
100734,2026-07-13,C0165,P006,Bluetooth Speaker,Electronics,1,2199,0.15,1869.15
100735,2026-07-13,C0060,P002,Mechanical Keyboard,Accessories,1,2499,0.05,2374.05
100736,2026-07-15,C0023,P001,Wireless Mouse,Accessories,1,799,0.0,799.0
100737,2026-07-17,C0024,P005,Webcam,Electronics,2,3299,0.0,6598.0
100738,2026-07-16,C0094,P003,USB-C Hub,Accessories,3,1499,0.05,4272.15
100739,2026-07-13,C0037,P005,Webcam,Electronics,1,3299,0.05,3134.05
100740,2026-07-14,C0028,P001,Wireless Mouse,Accessories,1,799,0.15,679.15
100741,2026-07-13,C0206,P003,USB-C Hub,Accessories,1,1499,0.0,1499.0
100742,2026-07-15,C0013,P004,Laptop Stand,Accessories,1,1899,0.1,1709.1
100743,2026-07-14,C0016,P005,Webcam,Electronics,2,3299,0.1,5938.2
100744,2026-07-13,C0214,P001,Wireless Mouse,Accessories,2,799,0.05,1518.1
100745,2026-07-13,C0162,P004,Laptop Stand,Accessories,1,1899,0.05,1804.05
100746,2026-07-13,C0003,P008,Desk Lamp,Home Office,2,1299,0.0,2598.0
100747,2026-07-16,C0232,P006,Bluetooth Speaker,Electronics,1,2199,0.0,2199.0
100748,2026-07-18,C0235,P006,Bluetooth Speaker,Electronics,1,2199,0.0,2199.0
100749,2026-07-15,C0138,P005,Webcam,Electronics,1,3299,0.0,3299.0
100750,2026-07-17,C0013,P004,Laptop Stand,Accessories,1,1899,0.05,1804.05
100751,2026-07-17,C0100,P006,Bluetooth Speaker,Electronics,1,2199,0.0,2199.0
100752,2026-07-18,C0102,P002,Mechanical Keyboard,Accessories,1,2499,0.05,2374.05
100753,2026-07-13,C0171,P004,Laptop Stand,Accessories,1,1899,0.0,1899.0
100754,2026-07-13,C0065,P004,Laptop Stand,Accessories,1,1899,0.0,1899.0
100755,2026-07-16,C0104,P007,Power Bank,Electronics,2,1799,0.05,3418.1
100756,2026-07-16,C0170,P002,Mechanical Keyboard,Accessories,2,2499,0.05,4748.1
100757,2026-07-15,C0134,P007,Power Bank,Electronics,2,1799,0.0,3598.0
100758,2026-07-19,C0055,P008,Desk Lamp,Home Office,1,1299,0.0,1299.0
100759,2026-07-14,C0016,P007,Power Bank,Electronics,1,1799,0.0,1799.0
100760,2026-07-15,C0111,P005,Webcam,Electronics,1,3299,0.15,2804.15
100761,2026-07-15,C0215,P001,Wireless Mouse,Accessories,1,799,0.1,719.1
100762,2026-07-13,C0132,P008,Desk Lamp,Home Office,1,1299,0.0,1299.0
100763,2026-07-15,C0156,P005,Webcam,Electronics,1,3299,0.0,3299.0
100764,2026-07-17,C0004,P007,Power Bank,Electronics,1,1799,0.05,1709.05
100765,2026-07-14,C0096,P008,Desk Lamp,Home Office,2,1299,0.05,2468.1
100766,2026-07-16,C0022,P002,Mechanical Keyboard,Accessories,1,2499,0.05,2374.05
100767,2026-07-13,C0106,P001,Wireless Mouse,Accessories,1,799,0.0,799.0
100768,2026-07-13,C0083,P002,Mechanical Keyboard,Accessories,2,2499,0.0,4998.0
100769,2026-07-15,C0239,P005,Webcam,Electronics,2,3299,0.05,6268.1
100770,2026-07-19,C0175,P004,Laptop Stand,Accessories,1,1899,0.1,1709.1
100771,2026-07-16,C0047,P006,Bluetooth Speaker,Electronics,1,2199,0.0,2199.0
100772,2026-07-19,C0114,P001,Wireless Mouse,Accessories,1,799,0.05,759.05
100773,2026-07-17,C0054,P004,Laptop Stand,Accessories,1,1899,0.0,1899.0
100774,2026-07-13,C0224,P002,Mechanical Keyboard,Accessories,1,2499,0.05,2374.05
100775,2026-07-17,C0038,P002,Mechanical Keyboard,Accessories,1,2499,0.0,2499.0
100776,2026-07-18,C0046,P006,Bluetooth Speaker,Electronics,2,2199,0.0,4398.0
100777,2026-07-17,C0093,P007,Power Bank,Electronics,1,1799,0.0,1799.0
100778,2026-07-16,C0240,P005,Webcam,Electronics,1,3299,0.1,2969.1
100779,2026-07-15,C0236,P005,Webcam,Electronics,1,3299,0.0,3299.0
100780,2026-07-18,C0048,P001,Wireless Mouse,Accessories,1,799,0.15,679.15
100781,2026-07-15,C0101,P002,Mechanical Keyboard,Accessories,1,2499,0.0,2499.0
100782,2026-07-13,C0118,P002,Mechanical Keyboard,Accessories,1,2499,0.0,2499.0
100783,2026-07-14,C0029,P002,Mechanical Keyboard,Accessories,1,2499,0.1,2249.1
100784,2026-07-15,C0245,P005,Webcam,Electronics,2,3299,0.15,5608.3
100785,2026-07-14,C0008,P002,Mechanical Keyboard,Accessories,2,2499,0.0,4998.0
100786,2026-07-18,C0171,P008,Desk Lamp,Home Office,1,1299,0.0,1299.0
100787,2026-07-19,C0086,P001,Wireless Mouse,Accessories,1,799,0.05,759.05
100788,2026-07-17,C0036,P006,Bluetooth Speaker,Electronics,1,2199,0.1,1979.1
100789,2026-07-17,C0171,P004,Laptop Stand,Accessories,2,1899,0.0,3798.0
100790,2026-07-17,C0055,P008,Desk Lamp,Home Office,2,1299,0.0,2598.0
100791,2026-07-15,C0195,P006,Bluetooth Speaker,Electronics,1,2199,0.0,2199.0
100792,2026-07-16,C0182,P005,Webcam,Electronics,1,3299,0.1,2969.1
100793,2026-07-19,C0089,P003,USB-C Hub,Accessories,3,1499,0.0,4497.0
100794,2026-07-17,C0117,P007,Power Bank,Electronics,1,1799,0.0,1799.0
100795,2026-07-18,C0090,P003,USB-C Hub,Accessories,1,1499,0.0,1499.0
100796,2026-07-18,C0212,P001,Wireless Mouse,Accessories,2,799,0.0,1598.0
100797,2026-07-17,C0001,P003,USB-C Hub,Accessories,1,1499,0.1,1349.1
100798,2026-07-14,C0010,P002,Mechanical Keyboard,Accessories,2,2499,0.0,4998.0
100799,2026-07-15,C0193,P003,USB-C Hub,Accessories,2,1499,0.0,2998.0
100800,2026-07-13,C0221,P006,Bluetooth Speaker,Electronics,2,2199,0.0,4398.0
100801,2026-07-23,C0149,P005,Webcam,Electronics,1,3299,0.05,3134.05
100802,2026-07-22,C0188,P004,Laptop Stand,Accessories,2,1899,0.0,3798.0
100803,2026-07-26,C0133,P007,Power Bank,Electronics,2,1799,0.1,3238.2
100804,2026-07-24,C0143,P006,Bluetooth Speaker,Electronics,2,2199,0.0,4398.0
100805,2026-07-21,C0112,P004,Laptop Stand,Accessories,1,1899,0.0,1899.0
100806,2026-07-22,C0249,P008,Desk Lamp,Home Office,2,1299,0.0,2598.0
100807,2026-07-22,C0129,P004,Laptop Stand,Accessories,1,1899,0.1,1709.1
100808,2026-07-22,C0189,P007,Power Bank,Electronics,2,1799,0.1,3238.2
100809,2026-07-23,C0004,P002,Mechanical Keyboard,Accessories,2,2499,0.0,4998.0
100810,2026-07-22,C0248,P002,Mechanical Keyboard,Accessories,2,2499,0.0,4998.0
100811,2026-07-23,C0181,P007,Power Bank,Electronics,2,1799,0.0,3598.0
100812,2026-07-25,C0054,P001,Wireless Mouse,Accessories,1,799,0.0,799.0
100813,2026-07-25,C0103,P005,Webcam,Electronics,1,3299,0.0,3299.0
100814,2026-07-25,C0179,P005,Webcam,Electronics,1,3299,0.0,3299.0
100815,2026-07-25,C0243,P007,Power Bank,Electronics,1,1799,0.0,1799.0
100816,2026-07-26,C0087,P004,Laptop Stand,Accessories,1,1899,0.1,1709.1
100817,2026-07-21,C0112,P002,Mechanical Keyboard,Accessories,2,2499,0.1,4498.2
100818,2026-07-22,C0123,P003,USB-C Hub,Accessories,1,1499,0.0,1499.0
100819,2026-07-26,C0022,P006,Bluetooth Speaker,Electronics,1,2199,0.0,2199.0
100820,2026-07-24,C0059,P006,Bluetooth Speaker,Electronics,1,2199,0.05,2089.05
100821,2026-07-26,C0162,P007,Power Bank,Electronics,2,1799,0.0,3598.0
100822,2026-07-26,C0010,P006,Bluetooth Speaker,Electronics,1,2199,0.15,1869.15
100823,2026-07-25,C0111,P001,Wireless Mouse,Accessories,1,799,0.1,719.1
100824,2026-07-20,C0065,P003,USB-C Hub,Accessories,2,1499,0.0,2998.0
100825,2026-07-26,C0127,P001,Wireless Mouse,Accessories,1,799,0.15,679.15
100826,2026-07-21,C0198,P008,Desk Lamp,Home Office,1,1299,0.0,1299.0
100827,2026-07-20,C0126,P007,Power Bank,Electronics,1,1799,0.05,1709.05
100828,2026-07-20,C0073,P001,Wireless Mouse,Accessories,1,799,0.0,799.0
100829,2026-07-24,C0003,P006,Bluetooth Speaker,Electronics,1,2199,0.15,1869.15
100830,2026-07-20,C0109,P007,Power Bank,Electronics,2,1799,0.05,3418.1
100831,2026-07-26,C0015,P008,Desk Lamp,Home Office,1,1299,0.0,1299.0
100832,2026-07-23,C0113,P008,Desk Lamp,Home Office,1,1299,0.1,1169.1
100833,2026-07-22,C0058,P003,USB-C Hub,Accessories,2,1499,0.0,2998.0
100834,2026-07-20,C0216,P006,Bluetooth Speaker,Electronics,2,2199,0.0,4398.0
100835,2026-07-22,C0177,P005,Webcam,Electronics,2,3299,0.0,6598.0
100836,2026-07-22,C0134,P005,Webcam,Electronics,1,3299,0.05,3134.05
100837,2026-07-24,C0204,P008,Desk Lamp,Home Office,2,1299,0.05,2468.1
100838,2026-07-22,C0196,P003,USB-C Hub,Accessories,2,1499,0.0,2998.0
100839,2026-07-23,C0057,P007,Power Bank,Electronics,1,1799,0.1,1619.1
100840,2026-07-24,C0195,P008,Desk Lamp,Home Office,1,1299,0.05,1234.05
100841,2026-07-21,C0244,P008,Desk Lamp,Home Office,3,1299,0.05,3702.15
100842,2026-07-23,C0075,P001,Wireless Mouse,Accessories,1,799,0.0,799.0
100843,2026-07-24,C0005,P003,USB-C Hub,Accessories,1,1499,0.1,1349.1
100844,2026-07-20,C0059,P004,Laptop Stand,Accessories,1,1899,0.0,1899.0
100845,2026-07-20,C0214,P006,Bluetooth Speaker,Electronics,1,2199,0.0,2199.0
100846,2026-07-24,C0196,P003,USB-C Hub,Accessories,1,1499,0.0,1499.0
100847,2026-07-20,C0215,P005,Webcam,Electronics,2,3299,0.05,6268.1
100848,2026-07-25,C0248,P007,Power Bank,Electronics,1,1799,0.05,1709.05
100849,2026-07-23,C0105,P005,Webcam,Electronics,1,3299,0.1,2969.1
100850,2026-07-20,C0017,P008,Desk Lamp,Home Office,1,1299,0.0,1299.0
100851,2026-07-21,C0169,P006,Bluetooth Speaker,Electronics,1,2199,0.15,1869.15
100852,2026-07-24,C0219,P002,Mechanical Keyboard,Accessories,1,2499,0.0,2499.0
100853,2026-07-20,C0098,P004,Laptop Stand,Accessories,1,1899,0.05,1804.05
100854,2026-07-20,C0074,P003,USB-C Hub,Accessories,1,1499,0.0,1499.0
100855,2026-07-25,C0219,P006,Bluetooth Speaker,Electronics,1,2199,0.05,2089.05
100856,2026-07-24,C0182,P007,Power Bank,Electronics,3,1799,0.0,5397.0
100857,2026-07-23,C0066,P004,Laptop Stand,Accessories,1,1899,0.0,1899.0
100858,2026-07-25,C0207,P005,Webcam,Electronics,1,3299,0.15,2804.15
100859,2026-07-22,C0070,P002,Mechanical Keyboard,Accessories,1,2499,0.05,2374.05
100860,2026-07-20,C0157,P003,USB-C Hub,Accessories,1,1499,0.05,1424.05
100861,2026-07-23,C0053,P001,Wireless Mouse,Accessories,1,799,0.0,799.0
100862,2026-07-26,C0123,P003,USB-C Hub,Accessories,1,1499,0.1,1349.1
100863,2026-07-25,C0028,P004,Laptop Stand,Accessories,1,1899,0.05,1804.05
100864,2026-07-20,C0137,P001,Wireless Mouse,Accessories,1,799,0.1,719.1
100865,2026-07-23,C0237,P003,USB-C Hub,Accessories,3,1499,0.0,4497.0
100866,2026-07-25,C0166,P002,Mechanical Keyboard,Accessories,1,2499,0.0,2499.0
100867,2026-07-20,C0163,P002,Mechanical Keyboard,Accessories,1,2499,0.0,2499.0
100868,2026-07-23,C0111,P003,USB-C Hub,Accessories,1,1499,0.1,1349.1
100869,2026-07-26,C0154,P004,Laptop Stand,Accessories,1,1899,0.05,1804.05
100870,2026-07-22,C0041,P008,Desk Lamp,Home Office,1,1299,0.0,1299.0
100871,2026-07-21,C0113,P002,Mechanical Keyboard,Accessories,1,2499,0.0,2499.0
100872,2026-07-24,C0063,P007,Power Bank,Electronics,1,1799,0.1,1619.1
100873,2026-07-20,C0034,P001,Wireless Mouse,Accessories,1,799,0.0,799.0
100874,2026-07-22,C0161,P005,Webcam,Electronics,1,3299,0.0,3299.0
100875,2026-07-22,C0138,P008,Desk Lamp,Home Office,1,1299,0.15,1104.15
100876,2026-07-21,C0063,P006,Bluetooth Speaker,Electronics,1,2199,0.0,2199.0
100877,2026-07-24,C0065,P008,Desk Lamp,Home Office,1,1299,0.05,1234.05
100878,2026-07-26,C0238,P008,Desk Lamp,Home Office,3,1299,0.0,3897.0
100879,2026-07-21,C0089,P001,Wireless Mouse,Accessories,2,799,0.05,1518.1
100880,2026-07-26,C0037,P001,Wireless Mouse,Accessories,2,799,0.1,1438.2
100881,2026-07-20,C0189,P002,Mechanical Keyboard,Accessories,2,2499,0.0,4998.0
100882,2026-07-21,C0168,P003,USB-C Hub,Accessories,1,1499,0.1,1349.1
100883,2026-07-23,C0092,P002,Mechanical Keyboard,Accessories,1,2499,0.1,2249.1
100884,2026-07-21,C0186,P002,Mechanical Keyboard,Accessories,1,2499,0.05,2374.05
100885,2026-07-20,C0061,P005,Webcam,Electronics,1,3299,0.0,3299.0
100886,2026-07-22,C0129,P006,Bluetooth Speaker,Electronics,1,2199,0.0,2199.0
100887,2026-07-26,C0129,P003,USB-C Hub,Accessories,1,1499,0.05,1424.05
100888,2026-07-25,C0241,P006,Bluetooth Speaker,Electronics,1,2199,0.0,2199.0
100889,2026-07-21,C0109,P004,Laptop Stand,Accessories,1,1899,0.1,1709.1
100890,2026-07-26,C0129,P004,Laptop Stand,Accessories,1,1899,0.1,1709.1
100891,2026-07-23,C0023,P004,Laptop Stand,Accessories,1,1899,0.0,1899.0
100892,2026-07-20,C0088,P005,Webcam,Electronics,1,3299,0.0,3299.0
100893,2026-07-20,C0096,P005,Webcam,Electronics,1,3299,0.1,2969.1
100894,2026-07-24,C0058,P004,Laptop Stand,Accessories,1,1899,0.0,1899.0
100895,2026-07-26,C0137,P008,Desk Lamp,Home Office,2,1299,0.0,2598.0
100896,2026-07-25,C0169,P003,USB-C Hub,Accessories,2,1499,0.0,2998.0
100897,2026-07-25,C0215,P005,Webcam,Electronics,1,3299,0.1,2969.1
100898,2026-07-22,C0029,P006,Bluetooth Speaker,Electronics,1,2199,0.05,2089.05
100899,2026-07-26,C0116,P005,Webcam,Electronics,1,3299,0.05,3134.05
100900,2026-07-26,C0104,P008,Desk Lamp,Home Office,1,1299,0.0,1299.0
100901,2026-07-31,C0094,P002,Mechanical Keyboard,Accessories,1,2499,0.05,2374.05
100902,2026-08-01,C0235,P006,Bluetooth Speaker,Electronics,1,2199,0.0,2199.0
100903,2026-07-28,C0115,P003,USB-C Hub,Accessories,1,1499,0.0,1499.0
100904,2026-07-30,C0206,P002,Mechanical Keyboard,Accessories,1,2499,0.05,2374.05
100905,2026-08-02,C0118,P007,Power Bank,Electronics,1,1799,0.0,1799.0
100906,2026-08-02,C0137,P006,Bluetooth Speaker,Electronics,3,2199,0.05,6267.15
100907,2026-08-02,C0074,P001,Wireless Mouse,Accessories,1,799,0.0,799.0
100908,2026-08-02,C0243,P002,Mechanical Keyboard,Accessories,1,2499,0.0,2499.0
100909,2026-07-31,C0239,P006,Bluetooth Speaker,Electronics,1,2199,0.0,2199.0
100910,2026-07-31,C0157,P008,Desk Lamp,Home Office,1,1299,0.0,1299.0
100911,2026-08-02,C0013,P008,Desk Lamp,Home Office,3,1299,0.0,3897.0
100912,2026-07-31,C0049,P002,Mechanical Keyboard,Accessories,2,2499,0.0,4998.0
100913,2026-08-02,C0171,P005,Webcam,Electronics,2,3299,0.05,6268.1
100914,2026-07-27,C0117,P003,USB-C Hub,Accessories,1,1499,0.05,1424.05
100915,2026-07-29,C0054,P008,Desk Lamp,Home Office,1,1299,0.1,1169.1
100916,2026-07-30,C0249,P001,Wireless Mouse,Accessories,1,799,0.1,719.1
100917,2026-08-01,C0118,P008,Desk Lamp,Home Office,1,1299,0.0,1299.0
100918,2026-07-27,C0194,P007,Power Bank,Electronics,1,1799,0.0,1799.0
100919,2026-07-27,C0174,P005,Webcam,Electronics,1,3299,0.0,3299.0
100920,2026-08-01,C0048,P001,Wireless Mouse,Accessories,2,799,0.1,1438.2
100921,2026-07-28,C0239,P008,Desk Lamp,Home Office,1,1299,0.0,1299.0
100922,2026-07-27,C0057,P008,Desk Lamp,Home Office,3,1299,0.0,3897.0
100923,2026-07-27,C0246,P005,Webcam,Electronics,1,3299,0.0,3299.0
100924,2026-08-02,C0221,P004,Laptop Stand,Accessories,3,1899,0.05,5412.15
100925,2026-07-29,C0040,P003,USB-C Hub,Accessories,1,1499,0.05,1424.05
100926,2026-07-29,C0116,P007,Power Bank,Electronics,1,1799,0.0,1799.0
100927,2026-07-29,C0158,P002,Mechanical Keyboard,Accessories,1,2499,0.1,2249.1
100928,2026-07-29,C0092,P002,Mechanical Keyboard,Accessories,1,2499,0.0,2499.0
100929,2026-08-02,C0048,P004,Laptop Stand,Accessories,1,1899,0.0,1899.0
100930,2026-07-27,C0101,P004,Laptop Stand,Accessories,2,1899,0.05,3608.1
100931,2026-07-31,C0209,P006,Bluetooth Speaker,Electronics,2,2199,0.0,4398.0
100932,2026-07-29,C0059,P005,Webcam,Electronics,1,3299,0.05,3134.05
100933,2026-08-02,C0157,P004,Laptop Stand,Accessories,1,1899,0.1,1709.1
100934,2026-07-28,C0021,P001,Wireless Mouse,Accessories,1,799,0.05,759.05
100935,2026-07-28,C0062,P004,Laptop Stand,Accessories,2,1899,0.0,3798.0
100936,2026-07-28,C0054,P004,Laptop Stand,Accessories,1,1899,0.05,1804.05
100937,2026-07-29,C0094,P001,Wireless Mouse,Accessories,1,799,0.0,799.0
100938,2026-08-01,C0080,P004,Laptop Stand,Accessories,1,1899,0.05,1804.05
100939,2026-07-27,C0090,P002,Mechanical Keyboard,Accessories,1,2499,0.0,2499.0
100940,2026-08-02,C0062,P002,Mechanical Keyboard,Accessories,3,2499,0.0,7497.0
100941,2026-08-01,C0222,P001,Wireless Mouse,Accessories,1,799,0.1,719.1
100942,2026-07-31,C0149,P001,Wireless Mouse,Accessories,1,799,0.1,719.1
100943,2026-07-28,C0022,P006,Bluetooth Speaker,Electronics,1,2199,0.05,2089.05
100944,2026-07-28,C0224,P007,Power Bank,Electronics,2,1799,0.1,3238.2
100945,2026-08-02,C0101,P007,Power Bank,Electronics,1,1799,0.0,1799.0
100946,2026-07-30,C0165,P004,Laptop Stand,Accessories,1,1899,0.0,1899.0
100947,2026-08-02,C0163,P006,Bluetooth Speaker,Electronics,1,2199,0.1,1979.1
100948,2026-08-02,C0176,P005,Webcam,Electronics,1,3299,0.1,2969.1
100949,2026-08-01,C0232,P001,Wireless Mouse,Accessories,2,799,0.1,1438.2
100950,2026-08-02,C0146,P005,Webcam,Electronics,1,3299,0.05,3134.05
100951,2026-07-28,C0038,P008,Desk Lamp,Home Office,1,1299,0.05,1234.05
100952,2026-07-29,C0091,P004,Laptop Stand,Accessories,2,1899,0.1,3418.2
100953,2026-07-31,C0095,P002,Mechanical Keyboard,Accessories,1,2499,0.0,2499.0
100954,2026-08-02,C0244,P008,Desk Lamp,Home Office,1,1299,0.0,1299.0
100955,2026-07-29,C0158,P003,USB-C Hub,Accessories,2,1499,0.0,2998.0
100956,2026-08-02,C0166,P004,Laptop Stand,Accessories,1,1899,0.0,1899.0
100957,2026-08-02,C0100,P006,Bluetooth Speaker,Electronics,2,2199,0.05,4178.1
100958,2026-08-02,C0003,P007,Power Bank,Electronics,1,1799,0.0,1799.0
100959,2026-07-31,C0068,P005,Webcam,Electronics,1,3299,0.0,3299.0
100960,2026-07-31,C0074,P005,Webcam,Electronics,2,3299,0.0,6598.0
100961,2026-07-31,C0087,P003,USB-C Hub,Accessories,1,1499,0.05,1424.05
100962,2026-07-29,C0191,P006,Bluetooth Speaker,Electronics,1,2199,0.05,2089.05
100963,2026-07-29,C0132,P005,Webcam,Electronics,3,3299,0.15,8412.45
100964,2026-08-01,C0014,P001,Wireless Mouse,Accessories,1,799,0.1,719.1
100965,2026-07-29,C0055,P008,Desk Lamp,Home Office,1,1299,0.05,1234.05
100966,2026-08-01,C0172,P002,Mechanical Keyboard,Accessories,1,2499,0.1,2249.1
100967,2026-07-31,C0233,P007,Power Bank,Electronics,1,1799,0.05,1709.05
100968,2026-08-01,C0071,P002,Mechanical Keyboard,Accessories,1,2499,0.05,2374.05
100969,2026-07-30,C0214,P001,Wireless Mouse,Accessories,1,799,0.05,759.05
100970,2026-07-28,C0178,P007,Power Bank,Electronics,1,1799,0.1,1619.1
100971,2026-07-30,C0043,P002,Mechanical Keyboard,Accessories,2,2499,0.05,4748.1
100972,2026-08-02,C0166,P004,Laptop Stand,Accessories,1,1899,0.05,1804.05
100973,2026-07-29,C0205,P004,Laptop Stand,Accessories,1,1899,0.0,1899.0
100974,2026-07-28,C0182,P005,Webcam,Electronics,2,3299,0.05,6268.1
100975,2026-07-28,C0150,P003,USB-C Hub,Accessories,1,1499,0.0,1499.0
100976,2026-07-30,C0209,P008,Desk Lamp,Home Office,1,1299,0.0,1299.0
100977,2026-07-30,C0235,P004,Laptop Stand,Accessories,1,1899,0.05,1804.05
100978,2026-08-02,C0176,P008,Desk Lamp,Home Office,2,1299,0.1,2338.2
100979,2026-07-29,C0073,P005,Webcam,Electronics,2,3299,0.1,5938.2
100980,2026-07-29,C0239,P003,USB-C Hub,Accessories,1,1499,0.1,1349.1
100981,2026-08-02,C0117,P007,Power Bank,Electronics,1,1799,0.1,1619.1
100982,2026-08-01,C0119,P006,Bluetooth Speaker,Electronics,1,2199,0.0,2199.0
100983,2026-07-30,C0157,P001,Wireless Mouse,Accessories,1,799,0.1,719.1
100984,2026-07-29,C0108,P006,Bluetooth Speaker,Electronics,1,2199,0.0,2199.0
100985,2026-07-28,C0216,P002,Mechanical Keyboard,Accessories,1,2499,0.0,2499.0
100986,2026-07-28,C0131,P008,Desk Lamp,Home Office,1,1299,0.0,1299.0
100987,2026-07-31,C0236,P006,Bluetooth Speaker,Electronics,1,2199,0.0,2199.0
100988,2026-08-02,C0093,P008,Desk Lamp,Home Office,1,1299,0.05,1234.05
100989,2026-08-01,C0049,P008,Desk Lamp,Home Office,1,1299,0.0,1299.0
100990,2026-07-30,C0026,P005,Webcam,Electronics,1,3299,0.15,2804.15
100991,2026-08-01,C0127,P004,Laptop Stand,Accessories,1,1899,0.0,1899.0
100992,2026-08-02,C0119,P008,Desk Lamp,Home Office,1,1299,0.0,1299.0
100993,2026-07-29,C0192,P004,Laptop Stand,Accessories,1,1899,0.0,1899.0
100994,2026-08-01,C0099,P002,Mechanical Keyboard,Accessories,1,2499,0.0,2499.0
100995,2026-07-30,C0065,P008,Desk Lamp,Home Office,1,1299,0.1,1169.1
100996,2026-08-02,C0106,P007,Power Bank,Electronics,1,1799,0.1,1619.1
100997,2026-07-31,C0089,P008,Desk Lamp,Home Office,1,1299,0.0,1299.0
100998,2026-07-28,C0106,P003,USB-C Hub,Accessories,3,1499,0.05,4272.15
100999,2026-08-02,C0081,P007,Power Bank,Electronics,1,1799,0.1,1619.1
101000,2026-07-27,C0082,P008,Desk Lamp,Home Office,1,1299,0.0,1299.0
101001,2026-08-07,C0038,P008,Desk Lamp,Home Office,1,1299,0.05,1234.05
101002,2026-08-05,C0018,P004,Laptop Stand,Accessories,1,1899,0.1,1709.1
101003,2026-08-09,C0062,P007,Power Bank,Electronics,1,1799,0.05,1709.05
101004,2026-08-07,C0211,P005,Webcam,Electronics,3,3299,0.0,9897.0
101005,2026-08-07,C0054,P001,Wireless Mouse,Accessories,1,799,0.1,719.1
101006,2026-08-06,C0160,P004,Laptop Stand,Accessories,1,1899,0.0,1899.0
101007,2026-08-05,C0053,P006,Bluetooth Speaker,Electronics,1,2199,0.1,1979.1
101008,2026-08-08,C0226,P003,USB-C Hub,Accessories,1,1499,0.0,1499.0
101009,2026-08-08,C0072,P008,Desk Lamp,Home Office,2,1299,0.15,2208.3
101010,2026-08-08,C0138,P001,Wireless Mouse,Accessories,2,799,0.0,1598.0
101011,2026-08-05,C0031,P008,Desk Lamp,Home Office,1,1299,0.05,1234.05
101012,2026-08-07,C0127,P007,Power Bank,Electronics,1,1799,0.15,1529.15
101013,2026-08-03,C0231,P007,Power Bank,Electronics,1,1799,0.1,1619.1
101014,2026-08-09,C0170,P006,Bluetooth Speaker,Electronics,2,2199,0.05,4178.1
101015,2026-08-04,C0182,P001,Wireless Mouse,Accessories,1,799,0.05,759.05
101016,2026-08-06,C0152,P001,Wireless Mouse,Accessories,1,799,0.0,799.0
101017,2026-08-04,C0174,P008,Desk Lamp,Home Office,2,1299,0.0,2598.0
101018,2026-08-05,C0229,P002,Mechanical Keyboard,Accessories,2,2499,0.05,4748.1
101019,2026-08-03,C0002,P004,Laptop Stand,Accessories,2,1899,0.0,3798.0
101020,2026-08-08,C0013,P002,Mechanical Keyboard,Accessories,1,2499,0.05,2374.05
101021,2026-08-04,C0171,P005,Webcam,Electronics,1,3299,0.0,3299.0
101022,2026-08-07,C0168,P006,Bluetooth Speaker,Electronics,1,2199,0.0,2199.0
101023,2026-08-05,C0108,P004,Laptop Stand,Accessories,1,1899,0.0,1899.0
101024,2026-08-09,C0161,P005,Webcam,Electronics,1,3299,0.0,3299.0
101025,2026-08-03,C0044,P004,Laptop Stand,Accessories,2,1899,0.15,3228.3
101026,2026-08-05,C0015,P003,USB-C Hub,Accessories,1,1499,0.0,1499.0
101027,2026-08-06,C0136,P001,Wireless Mouse,Accessories,2,799,0.1,1438.2
101028,2026-08-05,C0042,P006,Bluetooth Speaker,Electronics,1,2199,0.05,2089.05
101029,2026-08-08,C0017,P003,USB-C Hub,Accessories,2,1499,0.0,2998.0
101030,2026-08-03,C0168,P008,Desk Lamp,Home Office,1,1299,0.1,1169.1
101031,2026-08-09,C0165,P008,Desk Lamp,Home Office,1,1299,0.0,1299.0
101032,2026-08-07,C0177,P008,Desk Lamp,Home Office,1,1299,0.0,1299.0
101033,2026-08-05,C0115,P003,USB-C Hub,Accessories,1,1499,0.0,1499.0
101034,2026-08-04,C0017,P007,Power Bank,Electronics,1,1799,0.05,1709.05
101035,2026-08-08,C0038,P003,USB-C Hub,Accessories,1,1499,0.0,1499.0
101036,2026-08-09,C0218,P005,Webcam,Electronics,2,3299,0.05,6268.1
101037,2026-08-03,C0058,P003,USB-C Hub,Accessories,1,1499,0.0,1499.0
101038,2026-08-03,C0083,P001,Wireless Mouse,Accessories,1,799,0.0,799.0
101039,2026-08-04,C0028,P004,Laptop Stand,Accessories,1,1899,0.0,1899.0
101040,2026-08-03,C0191,P002,Mechanical Keyboard,Accessories,1,2499,0.1,2249.1
101041,2026-08-06,C0166,P008,Desk Lamp,Home Office,2,1299,0.0,2598.0
101042,2026-08-06,C0076,P003,USB-C Hub,Accessories,1,1499,0.0,1499.0
101043,2026-08-09,C0034,P008,Desk Lamp,Home Office,1,1299,0.0,1299.0
101044,2026-08-05,C0073,P002,Mechanical Keyboard,Accessories,1,2499,0.0,2499.0
101045,2026-08-04,C0067,P004,Laptop Stand,Accessories,2,1899,0.05,3608.1
101046,2026-08-07,C0015,P003,USB-C Hub,Accessories,2,1499,0.0,2998.0
101047,2026-08-05,C0175,P004,Laptop Stand,Accessories,2,1899,0.0,3798.0
101048,2026-08-04,C0215,P007,Power Bank,Electronics,2,1799,0.1,3238.2
101049,2026-08-06,C0246,P007,Power Bank,Electronics,1,1799,0.0,1799.0
101050,2026-08-03,C0217,P002,Mechanical Keyboard,Accessories,1,2499,0.0,2499.0
101051,2026-08-06,C0225,P001,Wireless Mouse,Accessories,2,799,0.0,1598.0
101052,2026-08-06,C0110,P006,Bluetooth Speaker,Electronics,1,2199,0.1,1979.1
101053,2026-08-06,C0121,P007,Power Bank,Electronics,1,1799,0.0,1799.0
101054,2026-08-04,C0108,P005,Webcam,Electronics,1,3299,0.0,3299.0
101055,2026-08-09,C0220,P007,Power Bank,Electronics,1,1799,0.1,1619.1
101056,2026-08-05,C0040,P006,Bluetooth Speaker,Electronics,1,2199,0.05,2089.05
101057,2026-08-04,C0247,P002,Mechanical Keyboard,Accessories,1,2499,0.0,2499.0
101058,2026-08-05,C0181,P005,Webcam,Electronics,2,3299,0.0,6598.0
101059,2026-08-09,C0093,P005,Webcam,Electronics,1,3299,0.15,2804.15
101060,2026-08-07,C0104,P001,Wireless Mouse,Accessories,2,799,0.05,1518.1
101061,2026-08-06,C0076,P003,USB-C Hub,Accessories,1,1499,0.0,1499.0
101062,2026-08-09,C0192,P002,Mechanical Keyboard,Accessories,2,2499,0.05,4748.1
101063,2026-08-07,C0201,P005,Webcam,Electronics,2,3299,0.15,5608.3
101064,2026-08-09,C0162,P007,Power Bank,Electronics,2,1799,0.0,3598.0
101065,2026-08-09,C0183,P007,Power Bank,Electronics,1,1799,0.05,1709.05
101066,2026-08-08,C0249,P008,Desk Lamp,Home Office,3,1299,0.05,3702.15
101067,2026-08-09,C0209,P002,Mechanical Keyboard,Accessories,1,2499,0.1,2249.1
101068,2026-08-08,C0190,P006,Bluetooth Speaker,Electronics,2,2199,0.05,4178.1
101069,2026-08-09,C0145,P001,Wireless Mouse,Accessories,1,799,0.0,799.0
101070,2026-08-08,C0163,P001,Wireless Mouse,Accessories,1,799,0.1,719.1
101071,2026-08-08,C0054,P006,Bluetooth Speaker,Electronics,1,2199,0.1,1979.1
101072,2026-08-07,C0248,P003,USB-C Hub,Accessories,2,1499,0.0,2998.0
101073,2026-08-05,C0049,P004,Laptop Stand,Accessories,1,1899,0.1,1709.1
101074,2026-08-09,C0218,P001,Wireless Mouse,Accessories,1,799,0.1,719.1
101075,2026-08-06,C0146,P006,Bluetooth Speaker,Electronics,1,2199,0.05,2089.05
101076,2026-08-06,C0135,P001,Wireless Mouse,Accessories,2,799,0.1,1438.2
101077,2026-08-06,C0239,P007,Power Bank,Electronics,1,1799,0.05,1709.05
101078,2026-08-06,C0100,P003,USB-C Hub,Accessories,1,1499,0.0,1499.0
101079,2026-08-05,C0152,P008,Desk Lamp,Home Office,2,1299,0.0,2598.0
101080,2026-08-07,C0065,P005,Webcam,Electronics,1,3299,0.0,3299.0
101081,2026-08-05,C0128,P008,Desk Lamp,Home Office,2,1299,0.0,2598.0
101082,2026-08-08,C0068,P005,Webcam,Electronics,1,3299,0.0,3299.0
101083,2026-08-05,C0173,P008,Desk Lamp,Home Office,2,1299,0.0,2598.0
101084,2026-08-04,C0003,P004,Laptop Stand,Accessories,1,1899,0.05,1804.05
101085,2026-08-08,C0201,P008,Desk Lamp,Home Office,1,1299,0.05,1234.05
101086,2026-08-09,C0108,P005,Webcam,Electronics,2,3299,0.0,6598.0
101087,2026-08-05,C0227,P007,Power Bank,Electronics,1,1799,0.05,1709.05
101088,2026-08-08,C0117,P002,Mechanical Keyboard,Accessories,1,2499,0.0,2499.0
101089,2026-08-07,C0173,P007,Power Bank,Electronics,1,1799,0.1,1619.1
101090,2026-08-09,C0238,P005,Webcam,Electronics,1,3299,0.1,2969.1
101091,2026-08-06,C0106,P004,Laptop Stand,Accessories,2,1899,0.0,3798.0
101092,2026-08-04,C0229,P007,Power Bank,Electronics,1,1799,0.0,1799.0
101093,2026-08-04,C0191,P004,Laptop Stand,Accessories,1,1899,0.1,1709.1
101094,2026-08-05,C0132,P002,Mechanical Keyboard,Accessories,1,2499,0.15,2124.15
101095,2026-08-09,C0160,P004,Laptop Stand,Accessories,1,1899,0.0,1899.0
101096,2026-08-08,C0212,P008,Desk Lamp,Home Office,2,1299,0.1,2338.2
101097,2026-08-08,C0234,P008,Desk Lamp,Home Office,1,1299,0.0,1299.0
101098,2026-08-05,C0225,P001,Wireless Mouse,Accessories,1,799,0.05,759.05
101099,2026-08-04,C0202,P001,Wireless Mouse,Accessories,1,799,0.0,799.0
101100,2026-08-05,C0215,P005,Webcam,Electronics,1,3299,0.0,3299.0
101101,2026-08-15,C0112,P001,Wireless Mouse,Accessories,1,799,0.0,974.78
101102,2026-08-16,C0238,P001,Wireless Mouse,Accessories,2,799,0.05,1852.08
101103,2026-08-11,C0078,P006,Bluetooth Speaker,Electronics,1,2199,0.0,2682.78
101104,2026-08-12,C0203,P004,Laptop Stand,Accessories,1,1899,0.0,2316.78
101105,2026-08-12,C0247,P005,Webcam,Electronics,2,3299,0.15,6842.13
101106,2026-08-10,C0121,P008,Desk Lamp,Home Office,1,1299,0.0,1584.78
101107,2026-08-11,C0241,P002,Mechanical Keyboard,Accessories,1,2499,0.0,3048.78
101108,2026-08-12,C0144,P002,Mechanical Keyboard,Accessories,2,2499,0.05,5792.68
101109,2026-08-15,C0048,P001,Wireless Mouse,Accessories,2,799,0.0,1949.56
101110,2026-08-11,C0246,P004,Laptop Stand,Accessories,1,1899,0.05,2200.94
101111,2026-08-11,C0072,P002,Mechanical Keyboard,Accessories,1,2499,0.05,2896.34
101112,2026-08-16,C0232,P007,Power Bank,Electronics,1,1799,0.0,2194.78
101113,2026-08-13,C0063,P004,Laptop Stand,Accessories,1,1899,0.0,2316.78
101114,2026-08-14,C0069,P001,Wireless Mouse,Accessories,1,799,0.1,877.3
101115,2026-08-11,C0175,P008,Desk Lamp,Home Office,1,1299,0.0,1584.78
101116,2026-08-13,C0202,P005,Webcam,Electronics,1,3299,0.0,4024.78
101117,2026-08-16,C0029,P005,Webcam,Electronics,2,3299,0.05,7647.08
101118,2026-08-12,C0019,P007,Power Bank,Electronics,1,1799,0.0,2194.78
101119,2026-08-14,C0055,P002,Mechanical Keyboard,Accessories,1,2499,0.0,3048.78
101120,2026-08-13,C0164,P005,Webcam,Electronics,1,3299,0.0,4024.78
101121,2026-08-11,C0182,P006,Bluetooth Speaker,Electronics,1,2199,0.0,2682.78
101122,2026-08-13,C0141,P006,Bluetooth Speaker,Electronics,1,2199,0.05,2548.64
101123,2026-08-12,C0180,P006,Bluetooth Speaker,Electronics,3,2199,0.0,8048.34
101124,2026-08-13,C0147,P007,Power Bank,Electronics,1,1799,0.0,2194.78
101125,2026-08-15,C0148,P006,Bluetooth Speaker,Electronics,2,2199,0.05,5097.28
101126,2026-08-10,C0148,P008,Desk Lamp,Home Office,2,1299,0.0,3169.56
101127,2026-08-16,C0068,P006,Bluetooth Speaker,Electronics,1,2199,0.0,2682.78
101128,2026-08-14,C0106,P004,Laptop Stand,Accessories,1,1899,0.15,1969.26
101129,2026-08-16,C0159,P007,Power Bank,Electronics,1,1799,0.0,2194.78
101130,2026-08-12,C0095,P001,Wireless Mouse,Accessories,1,799,0.05,926.04
101131,2026-08-14,C0130,P008,Desk Lamp,Home Office,1,1299,0.0,1584.78
101132,2026-08-11,C0016,P004,Laptop Stand,Accessories,1,1899,0.0,2316.78
101133,2026-08-15,C0129,P007,Power Bank,Electronics,2,1799,0.05,4170.08
101134,2026-08-12,C0111,P007,Power Bank,Electronics,1,1799,0.05,2085.04
101135,2026-08-11,C0092,P004,Laptop Stand,Accessories,1,1899,0.1,2085.1
101136,2026-08-10,C0130,P007,Power Bank,Electronics,1,1799,0.05,2085.04
101137,2026-08-11,C0203,P008,Desk Lamp,Home Office,1,1299,0.0,1584.78
101138,2026-08-11,C0195,P003,USB-C Hub,Accessories,3,1499,0.0,5486.34
101139,2026-08-11,C0144,P003,USB-C Hub,Accessories,1,1499,0.05,1737.34
101140,2026-08-11,C0028,P004,Laptop Stand,Accessories,1,1899,0.0,2316.78
101141,2026-08-10,C0040,P008,Desk Lamp,Home Office,1,1299,0.05,1505.54
101142,2026-08-10,C0047,P005,Webcam,Electronics,1,3299,0.05,3823.54
101143,2026-08-14,C0212,P006,Bluetooth Speaker,Electronics,1,2199,0.05,2548.64
101144,2026-08-11,C0160,P003,USB-C Hub,Accessories,1,1499,0.15,1554.46
101145,2026-08-11,C0076,P001,Wireless Mouse,Accessories,2,799,0.0,1949.56
101146,2026-08-11,C0176,P001,Wireless Mouse,Accessories,1,799,0.1,877.3
101147,2026-08-13,C0124,P007,Power Bank,Electronics,1,1799,0.0,2194.78
101148,2026-08-13,C0057,P008,Desk Lamp,Home Office,1,1299,0.05,1505.54
101149,2026-08-15,C0156,P002,Mechanical Keyboard,Accessories,1,2499,0.1,2743.9
101150,2026-08-13,C0110,P005,Webcam,Electronics,1,3299,0.0,4024.78
101151,2026-08-15,C0128,P005,Webcam,Electronics,1,3299,0.0,4024.78
101152,2026-08-11,C0173,P004,Laptop Stand,Accessories,1,1899,0.1,2085.1
101153,2026-08-13,C0100,P006,Bluetooth Speaker,Electronics,1,2199,0.05,2548.64
101154,2026-08-10,C0018,P008,Desk Lamp,Home Office,1,1299,0.05,1505.54
101155,2026-08-15,C0144,P003,USB-C Hub,Accessories,1,1499,0.05,1737.34
101156,2026-08-12,C0206,P005,Webcam,Electronics,1,3299,0.05,3823.54
101157,2026-08-16,C0081,P007,Power Bank,Electronics,1,1799,0.05,2085.04
101158,2026-08-14,C0032,P007,Power Bank,Electronics,1,1799,0.0,2194.78
101159,2026-08-16,C0044,P004,Laptop Stand,Accessories,2,1899,0.0,4633.56
101160,2026-08-11,C0104,P005,Webcam,Electronics,1,3299,0.0,4024.78
101161,2026-08-12,C0031,P006,Bluetooth Speaker,Electronics,1,2199,0.0,2682.78
101162,2026-08-12,C0190,P001,Wireless Mouse,Accessories,1,799,0.0,974.78
101163,2026-08-16,C0035,P008,Desk Lamp,Home Office,2,1299,0.15,2694.13
101164,2026-08-14,C0095,P001,Wireless Mouse,Accessories,1,799,0.1,877.3
101165,2026-08-15,C0089,P002,Mechanical Keyboard,Accessories,1,2499,0.0,3048.78
101166,2026-08-16,C0075,P001,Wireless Mouse,Accessories,1,799,0.0,974.78
101167,2026-08-16,C0054,P007,Power Bank,Electronics,3,1799,0.0,6584.34
101168,2026-08-11,C0193,P008,Desk Lamp,Home Office,3,1299,0.05,4516.62
101169,2026-08-16,C0194,P002,Mechanical Keyboard,Accessories,1,2499,0.0,3048.78
101170,2026-08-14,C0179,P004,Laptop Stand,Accessories,1,1899,0.0,2316.78
101171,2026-08-10,C0108,P003,USB-C Hub,Accessories,1,1499,0.05,1737.34
101172,2026-08-13,C0004,P004,Laptop Stand,Accessories,1,1899,0.05,2200.94
101173,2026-08-12,C0171,P006,Bluetooth Speaker,Electronics,3,2199,0.0,8048.34
101174,2026-08-14,C0052,P005,Webcam,Electronics,1,3299,0.0,4024.78
101175,2026-08-16,C0200,P005,Webcam,Electronics,2,3299,0.0,8049.56
101176,2026-08-13,C0026,P008,Desk Lamp,Home Office,3,1299,0.0,4754.34
101177,2026-08-16,C0184,P003,USB-C Hub,Accessories,1,1499,0.05,1737.34
101178,2026-08-12,C0223,P008,Desk Lamp,Home Office,1,1299,0.05,1505.54
101179,2026-08-16,C0011,P006,Bluetooth Speaker,Electronics,1,2199,0.0,2682.78
101180,2026-08-15,C0174,P002,Mechanical Keyboard,Accessories,1,2499,0.05,2896.34
101181,2026-08-13,C0099,P006,Bluetooth Speaker,Electronics,1,2199,0.0,2682.78
101182,2026-08-12,C0011,P004,Laptop Stand,Accessories,1,1899,0.0,2316.78
101183,2026-08-16,C0102,P005,Webcam,Electronics,3,3299,0.05,11470.62
101184,2026-08-15,C0046,P004,Laptop Stand,Accessories,1,1899,0.1,2085.1
101185,2026-08-14,C0125,P008,Desk Lamp,Home Office,2,1299,0.15,2694.13
101186,2026-08-15,C0075,P006,Bluetooth Speaker,Electronics,1,2199,0.05,2548.64
101187,2026-08-10,C0182,P007,Power Bank,Electronics,1,1799,0.0,2194.78
101188,2026-08-10,C0235,P007,Power Bank,Electronics,2,1799,0.0,4389.56
101189,2026-08-16,C0211,P001,Wireless Mouse,Accessories,1,799,0.0,974.78
101190,2026-08-10,C0092,P004,Laptop Stand,Accessories,1,1899,0.0,2316.78
101191,2026-08-10,C0093,P003,USB-C Hub,Accessories,1,1499,0.0,1828.78
101192,2026-08-14,C0102,P007,Power Bank,Electronics,1,1799,0.15,1865.56
101193,2026-08-11,C0244,P003,USB-C Hub,Accessories,1,1499,0.0,1828.78
101194,2026-08-11,C0007,P006,Bluetooth Speaker,Electronics,1,2199,0.0,2682.78
101195,2026-08-15,C0138,P001,Wireless Mouse,Accessories,3,799,0.0,2924.34
101196,2026-08-10,C0219,P007,Power Bank,Electronics,1,1799,0.0,2194.78
101197,2026-08-13,C0162,P001,Wireless Mouse,Accessories,1,799,0.0,974.78
101198,2026-08-13,C0004,P001,Wireless Mouse,Accessories,1,799,0.05,926.04
101199,2026-08-10,C0035,P007,Power Bank,Electronics,1,1799,0.1,1975.3
101200,2026-08-14,C0123,P008,Desk Lamp,Home Office,2,1299,0.0,3169.56
